epsilon,episode,score,episode_reward,reward,train_loss,total_reward,epoch,step
1.0,0.0,0.0,0.10000000149011612,0.10000000149011612,0.22476747632026672,0.0,0,0
0.9999346733093262,0.0,0.0,0.20000000298023224,0.10000000149011612,255.8204345703125,0.0,0,1
0.9998693466186523,0.0,0.0,0.30000001192092896,0.10000000149011612,4.563032627105713,0.0,0,2
0.9998040199279785,0.0,0.0,0.4000000059604645,0.10000000149011612,1.3678834438323975,0.0,0,3
0.9997386932373047,0.0,0.0,0.5,0.10000000149011612,1.0911595821380615,0.0,0,4
0.9996733069419861,0.0,0.0,0.6000000238418579,0.10000000149011612,0.8187984824180603,0.0,0,5
0.9996079802513123,0.0,0.0,0.699999988079071,0.10000000149011612,0.5630386471748352,0.0,0,6
0.9995426535606384,0.0,0.0,0.800000011920929,0.10000000149011612,0.37443384528160095,0.0,0,7
0.9994773268699646,0.0,0.0,0.8999999761581421,0.10000000149011612,0.23938687145709991,0.0,0,8
0.9994120001792908,0.0,0.0,1.0,0.10000000149011612,0.03229580447077751,0.0,0,9
0.9993466734886169,0.0,0.0,1.100000023841858,0.10000000149011612,0.17086218297481537,0.0,0,10
0.9992813467979431,0.0,0.0,1.2000000476837158,0.10000000149011612,0.13866490125656128,0.0,0,11
0.9992160201072693,0.0,0.0,1.2999999523162842,0.10000000149011612,0.11720412969589233,0.0,0,12
0.9991506934165955,0.0,0.0,1.399999976158142,0.10000000149011612,0.003951616585254669,0.0,0,13
0.9990853071212769,0.0,0.0,1.5,0.10000000149011612,0.07549384236335754,0.0,0,14
0.999019980430603,0.0,0.0,1.600000023841858,0.10000000149011612,0.02916128933429718,0.0,0,15
0.9989546537399292,0.0,0.0,1.7000000476837158,0.10000000149011612,0.010503802448511124,0.0,0,16
0.9988893270492554,0.0,0.0,1.7999999523162842,0.10000000149011612,0.012964107096195221,0.0,0,17
0.9988240003585815,0.0,0.0,1.899999976158142,0.10000000149011612,0.00678263371810317,0.0,0,18
0.9987586736679077,0.0,0.0,2.0,0.10000000149011612,0.045616038143634796,0.0,0,19
0.9986933469772339,0.0,0.0,2.0999999046325684,0.10000000149011612,0.00687063205987215,0.0,0,20
0.9986280202865601,0.0,0.0,2.200000047683716,0.10000000149011612,0.04650906100869179,0.0,0,21
0.9985626935958862,0.0,0.0,2.299999952316284,0.10000000149011612,0.07696090638637543,0.0,0,22
0.9984973073005676,0.0,0.0,2.4000000953674316,0.10000000149011612,0.04206745699048042,0.0,0,23
0.9984319806098938,0.0,0.0,2.5,0.10000000149011612,0.11216126382350922,0.0,0,24
0.99836665391922,0.0,0.0,2.5999999046325684,0.10000000149011612,0.006488042883574963,0.0,0,25
0.9983013272285461,0.0,0.0,2.700000047683716,0.10000000149011612,0.00844593346118927,0.0,0,26
0.9982360005378723,0.0,0.0,2.799999952316284,0.10000000149011612,0.0020001446828246117,0.0,0,27
0.9981706738471985,0.0,0.0,2.9000000953674316,0.10000000149011612,0.06856335699558258,0.0,0,28
0.9981053471565247,0.0,0.0,3.0,0.10000000149011612,0.0065696146339178085,0.0,0,29
0.9980400204658508,0.0,0.0,3.0999999046325684,0.10000000149011612,0.007477664854377508,0.0,0,30
0.997974693775177,0.0,0.0,3.200000047683716,0.10000000149011612,0.011371452361345291,0.0,0,31
0.9979093074798584,0.0,0.0,3.299999952316284,0.10000000149011612,0.003232496092095971,0.0,0,32
0.9978439807891846,0.0,0.0,3.4000000953674316,0.10000000149011612,0.004290449433028698,0.0,0,33
0.9977786540985107,0.0,0.0,3.5,0.10000000149011612,0.07145412266254425,0.0,0,34
0.9977133274078369,0.0,0.0,3.5999999046325684,0.10000000149011612,0.002218293957412243,0.0,0,35
0.9976480007171631,0.0,0.0,3.700000047683716,0.10000000149011612,0.0013801761670038104,0.0,0,36
0.9975826740264893,0.0,0.0,3.799999952316284,0.10000000149011612,0.03483620285987854,0.0,0,37
0.9975173473358154,0.0,0.0,3.9000000953674316,0.10000000149011612,0.001407327363267541,0.0,0,38
0.9974520206451416,0.0,0.0,4.0,0.10000000149011612,0.0013549004215747118,0.0,0,39
0.9973866939544678,0.0,0.0,4.099999904632568,0.10000000149011612,0.035409413278102875,0.0,0,40
0.9973213076591492,0.0,0.0,4.199999809265137,0.10000000149011612,0.03617262840270996,0.0,0,41
0.9972559809684753,0.0,0.0,4.300000190734863,0.10000000149011612,0.002846501301974058,0.0,0,42
0.9971906542778015,0.0,0.0,4.400000095367432,0.10000000149011612,0.0017528075259178877,0.0,0,43
0.9971253275871277,0.0,0.0,4.5,0.10000000149011612,0.07723750174045563,0.0,0,44
0.9970600008964539,0.0,0.0,4.599999904632568,0.10000000149011612,0.0362541563808918,0.0,0,45
0.99699467420578,0.0,0.0,4.699999809265137,0.10000000149011612,0.00360171333886683,0.0,0,46
0.9969293475151062,0.0,0.0,4.800000190734863,0.10000000149011612,0.037971463054418564,0.0,0,47
0.9968640208244324,0.0,0.0,3.799999952316284,-1.0,0.03455571457743645,3.799999952316284,0,48
0.9967986941337585,1.0,0.0,0.10000000149011612,0.10000000149011612,0.07111510634422302,3.799999952316284,0,49
0.9967333078384399,1.0,0.0,0.20000000298023224,0.10000000149011612,0.002786381170153618,3.799999952316284,0,50
0.9966679811477661,1.0,0.0,0.30000001192092896,0.10000000149011612,0.06575637310743332,3.799999952316284,0,51
0.9966026544570923,1.0,0.0,0.4000000059604645,0.10000000149011612,0.005778184160590172,3.799999952316284,0,52
0.9965373277664185,1.0,0.0,0.5,0.10000000149011612,0.005702860187739134,3.799999952316284,0,53
0.9964720010757446,1.0,0.0,0.6000000238418579,0.10000000149011612,0.006335065234452486,3.799999952316284,0,54
0.9964066743850708,1.0,0.0,0.699999988079071,0.10000000149011612,0.034438833594322205,3.799999952316284,0,55
0.996341347694397,1.0,0.0,0.800000011920929,0.10000000149011612,0.06575001776218414,3.799999952316284,0,56
0.9962760210037231,1.0,0.0,0.8999999761581421,0.10000000149011612,0.06933650374412537,3.799999952316284,0,57
0.9962106943130493,1.0,0.0,1.0,0.10000000149011612,0.009558336809277534,3.799999952316284,0,58
0.9961453080177307,1.0,0.0,1.100000023841858,0.10000000149011612,0.041042640805244446,3.799999952316284,0,59
0.9960799813270569,1.0,0.0,1.2000000476837158,0.10000000149011612,0.005668407306075096,3.799999952316284,0,60
0.9960146546363831,1.0,0.0,1.2999999523162842,0.10000000149011612,0.0035296273417770863,3.799999952316284,0,61
0.9959493279457092,1.0,0.0,1.399999976158142,0.10000000149011612,0.04597843438386917,3.799999952316284,0,62
0.9958840012550354,1.0,0.0,1.5,0.10000000149011612,0.005266646854579449,3.799999952316284,0,63
0.9958186745643616,1.0,0.0,1.600000023841858,0.10000000149011612,0.004051877185702324,3.799999952316284,0,64
0.9957533478736877,1.0,0.0,1.7000000476837158,0.10000000149011612,0.00423897011205554,3.799999952316284,0,65
0.9956880211830139,1.0,0.0,1.7999999523162842,0.10000000149011612,0.07038752734661102,3.799999952316284,0,66
0.9956226944923401,1.0,0.0,1.899999976158142,0.10000000149011612,0.03633346036076546,3.799999952316284,0,67
0.9955573081970215,1.0,0.0,2.0,0.10000000149011612,0.001979782711714506,3.799999952316284,0,68
0.9954919815063477,1.0,0.0,2.0999999046325684,0.10000000149011612,0.0023091379553079605,3.799999952316284,0,69
0.9954266548156738,1.0,0.0,2.200000047683716,0.10000000149011612,0.06808365136384964,3.799999952316284,0,70
0.995361328125,1.0,0.0,2.299999952316284,0.10000000149011612,0.00449502794072032,3.799999952316284,0,71
0.9952960014343262,1.0,0.0,2.4000000953674316,0.10000000149011612,0.03793878108263016,3.799999952316284,0,72
0.9952306747436523,1.0,0.0,2.5,0.10000000149011612,0.0033976170234382153,3.799999952316284,0,73
0.9951653480529785,1.0,0.0,2.5999999046325684,0.10000000149011612,0.002670559100806713,3.799999952316284,0,74
0.9951000213623047,1.0,0.0,2.700000047683716,0.10000000149011612,0.0021055862307548523,3.799999952316284,0,75
0.9950346946716309,1.0,0.0,2.799999952316284,0.10000000149011612,0.0012510863598436117,3.799999952316284,0,76
0.9949693083763123,1.0,0.0,2.9000000953674316,0.10000000149011612,0.0014278660528361797,3.799999952316284,0,77
0.9949039816856384,1.0,0.0,3.0,0.10000000149011612,0.04060716927051544,3.799999952316284,0,78
0.9948386549949646,1.0,0.0,3.0999999046325684,0.10000000149011612,0.0017708404920995235,3.799999952316284,0,79
0.9947733283042908,1.0,0.0,3.200000047683716,0.10000000149011612,0.03637886419892311,3.799999952316284,0,80
0.9947080016136169,1.0,0.0,3.299999952316284,0.10000000149011612,0.0038160516414791346,3.799999952316284,0,81
0.9946426749229431,1.0,0.0,3.4000000953674316,0.10000000149011612,0.03492221236228943,3.799999952316284,0,82
0.9945773482322693,1.0,0.0,3.5,0.10000000149011612,0.03528290241956711,3.799999952316284,0,83
0.9945120215415955,1.0,0.0,3.5999999046325684,0.10000000149011612,0.0677611455321312,3.799999952316284,0,84
0.9944466948509216,1.0,0.0,3.700000047683716,0.10000000149011612,0.037905920296907425,3.799999952316284,0,85
0.994381308555603,1.0,0.0,3.799999952316284,0.10000000149011612,0.035719260573387146,3.799999952316284,0,86
0.9943159818649292,1.0,0.0,3.9000000953674316,0.10000000149011612,0.003529180772602558,3.799999952316284,0,87
0.9942506551742554,1.0,0.0,4.0,0.10000000149011612,0.001243311446160078,3.799999952316284,0,88
0.9941853284835815,1.0,0.0,4.099999904632568,0.10000000149011612,0.0693550854921341,3.799999952316284,0,89
0.9941200017929077,1.0,0.0,4.199999809265137,0.10000000149011612,0.0011697576846927404,3.799999952316284,0,90
0.9940546751022339,1.0,0.0,4.300000190734863,0.10000000149011612,0.0670546144247055,3.799999952316284,0,91
0.9939893484115601,1.0,0.0,4.400000095367432,0.10000000149011612,0.10247955471277237,3.799999952316284,0,92
0.9939240217208862,1.0,0.0,4.5,0.10000000149011612,0.038290273398160934,3.799999952316284,0,93
0.9938586950302124,1.0,0.0,4.599999904632568,0.10000000149011612,0.03518528491258621,3.799999952316284,0,94
0.9937933087348938,1.0,0.0,4.699999809265137,0.10000000149011612,0.0398067981004715,3.799999952316284,0,95
0.99372798204422,1.0,0.0,4.800000190734863,0.10000000149011612,0.008008882403373718,3.799999952316284,0,96
0.9936626553535461,1.0,0.0,4.900000095367432,0.10000000149011612,0.002957138465717435,3.799999952316284,0,97
0.9935973286628723,1.0,0.0,5.0,0.10000000149011612,0.0451749712228775,3.799999952316284,0,98
0.9935320019721985,1.0,0.0,5.099999904632568,0.10000000149011612,0.03721296787261963,3.799999952316284,0,99
0.9934666752815247,1.0,0.0,5.199999809265137,0.10000000149011612,0.033754877746105194,3.799999952316284,0,100
0.9934013485908508,1.0,0.0,5.300000190734863,0.10000000149011612,0.03682968020439148,3.799999952316284,0,101
0.993336021900177,1.0,0.0,5.400000095367432,0.10000000149011612,0.0393112450838089,3.799999952316284,0,102
0.9932706952095032,1.0,0.0,5.5,0.10000000149011612,0.06608473509550095,3.799999952316284,0,103
0.9932053089141846,1.0,0.0,5.599999904632568,0.10000000149011612,0.04214590787887573,3.799999952316284,0,104
0.9931399822235107,1.0,0.0,5.699999809265137,0.10000000149011612,0.03588501363992691,3.799999952316284,0,105
0.9930746555328369,1.0,0.0,5.800000190734863,0.10000000149011612,0.08455614745616913,3.799999952316284,0,106
0.9930093288421631,1.0,0.0,5.900000095367432,0.10000000149011612,0.03649194911122322,3.799999952316284,0,107
0.9929440021514893,1.0,0.0,6.0,0.10000000149011612,0.003922591917216778,3.799999952316284,0,108
0.9928786754608154,1.0,0.0,6.099999904632568,0.10000000149011612,0.03816626965999603,3.799999952316284,0,109
0.9928133487701416,1.0,0.0,6.199999809265137,0.10000000149011612,0.041846863925457,3.799999952316284,0,110
0.9927480220794678,1.0,0.0,6.300000190734863,0.10000000149011612,0.03555813059210777,3.799999952316284,0,111
0.992682695388794,1.0,0.0,6.400000095367432,0.10000000149011612,0.005575792398303747,3.799999952316284,0,112
0.9926173090934753,1.0,0.0,6.5,0.10000000149011612,0.004720751661807299,3.799999952316284,0,113
0.9925519824028015,1.0,0.0,6.599999904632568,0.10000000149011612,0.03141751140356064,3.799999952316284,0,114
0.9924866557121277,1.0,0.0,6.699999809265137,0.10000000149011612,0.03670720010995865,3.799999952316284,0,115
0.9924213290214539,1.0,0.0,6.800000190734863,0.10000000149011612,0.03249377757310867,3.799999952316284,0,116
0.99235600233078,1.0,0.0,6.900000095367432,0.10000000149011612,0.03570423275232315,3.799999952316284,0,117
0.9922906756401062,1.0,0.0,7.0,0.10000000149011612,0.003217977937310934,3.799999952316284,0,118
0.9922253489494324,1.0,0.0,7.099999904632568,0.10000000149011612,0.030533097684383392,3.799999952316284,0,119
0.9921600222587585,1.0,0.0,7.199999809265137,0.10000000149011612,0.004648509435355663,3.799999952316284,0,120
0.9920946955680847,1.0,0.0,7.300000190734863,0.10000000149011612,0.0022342936135828495,3.799999952316284,0,121
0.9920293092727661,1.0,0.0,7.400000095367432,0.10000000149011612,0.03212004154920578,3.799999952316284,0,122
0.9919639825820923,1.0,0.0,7.5,0.10000000149011612,0.004056252539157867,3.799999952316284,0,123
0.9918986558914185,1.0,0.0,7.599999904632568,0.10000000149011612,0.002360126469284296,3.799999952316284,0,124
0.9918333292007446,1.0,0.0,7.699999809265137,0.10000000149011612,0.0037816136609762907,3.799999952316284,0,125
0.9917680025100708,1.0,0.0,7.800000190734863,0.10000000149011612,0.03760175034403801,3.799999952316284,0,126
0.991702675819397,1.0,0.0,7.900000095367432,0.10000000149011612,0.0051796999759972095,3.799999952316284,0,127
0.9916373491287231,1.0,0.0,8.0,0.10000000149011612,0.0037874544505029917,3.799999952316284,0,128
0.9915720224380493,1.0,0.0,8.100000381469727,0.10000000149011612,0.002343051601201296,3.799999952316284,0,129
0.9915066957473755,1.0,0.0,8.199999809265137,0.10000000149011612,0.06894630938768387,3.799999952316284,0,130
0.9914413094520569,1.0,0.0,8.300000190734863,0.10000000149011612,0.0029415516182780266,3.799999952316284,0,131
0.9913759827613831,1.0,0.0,8.399999618530273,0.10000000149011612,0.001880183583125472,3.799999952316284,0,132
0.9913106560707092,1.0,0.0,8.5,0.10000000149011612,0.030756009742617607,3.799999952316284,0,133
0.9912453293800354,1.0,0.0,8.600000381469727,0.10000000149011612,0.00438541267067194,3.799999952316284,0,134
0.9911800026893616,1.0,0.0,8.699999809265137,0.10000000149011612,0.0029416452161967754,3.799999952316284,0,135
0.9911146759986877,1.0,0.0,8.800000190734863,0.10000000149011612,0.0639263391494751,3.799999952316284,0,136
0.9910493493080139,1.0,0.0,8.899999618530273,0.10000000149011612,0.03782506287097931,3.799999952316284,0,137
0.9909840226173401,1.0,0.0,9.0,0.10000000149011612,0.035235803574323654,3.799999952316284,0,138
0.9909186959266663,1.0,0.0,9.100000381469727,0.10000000149011612,0.003986634314060211,3.799999952316284,0,139
0.9908533096313477,1.0,0.0,9.199999809265137,0.10000000149011612,0.004133958835154772,3.799999952316284,0,140
0.9907879829406738,1.0,0.0,9.300000190734863,0.10000000149011612,0.07292838394641876,3.799999952316284,0,141
0.99072265625,1.0,0.0,9.399999618530273,0.10000000149011612,0.0021413457579910755,3.799999952316284,0,142
0.9906573295593262,1.0,0.0,9.5,0.10000000149011612,0.06762681156396866,3.799999952316284,0,143
0.9905920028686523,1.0,0.0,9.600000381469727,0.10000000149011612,0.0024190701078623533,3.799999952316284,0,144
0.9905266761779785,1.0,0.0,9.699999809265137,0.10000000149011612,0.0033125439658761024,3.799999952316284,0,145
0.9904613494873047,1.0,0.0,9.800000190734863,0.10000000149011612,0.004091166891157627,3.799999952316284,0,146
0.9903960227966309,1.0,0.0,9.899999618530273,0.10000000149011612,0.03648868203163147,3.799999952316284,0,147
0.990330696105957,1.0,0.0,10.0,0.10000000149011612,0.0008027084986679256,3.799999952316284,0,148
0.9902653098106384,1.0,0.0,9.0,-1.0,0.03726065158843994,9.0,0,149
0.9901999831199646,2.0,0.0,0.10000000149011612,0.10000000149011612,0.03242064639925957,9.0,0,150
0.9901346564292908,2.0,0.0,0.20000000298023224,0.10000000149011612,0.10501813888549805,9.0,0,151
0.9900693297386169,2.0,0.0,0.30000001192092896,0.10000000149011612,0.005566962994635105,9.0,0,152
0.9900040030479431,2.0,0.0,0.4000000059604645,0.10000000149011612,0.03404295817017555,9.0,0,153
0.9899386763572693,2.0,0.0,0.5,0.10000000149011612,0.008684726431965828,9.0,0,154
0.9898733496665955,2.0,0.0,0.6000000238418579,0.10000000149011612,0.03347361460328102,9.0,0,155
0.9898080229759216,2.0,0.0,0.699999988079071,0.10000000149011612,0.03649386763572693,9.0,0,156
0.9897426962852478,2.0,0.0,0.800000011920929,0.10000000149011612,0.0020430192817002535,9.0,0,157
0.9896773099899292,2.0,0.0,0.8999999761581421,0.10000000149011612,0.0033615080174058676,9.0,0,158
0.9896119832992554,2.0,0.0,1.0,0.10000000149011612,0.03945249691605568,9.0,0,159
0.9895466566085815,2.0,0.0,1.100000023841858,0.10000000149011612,0.03407816216349602,9.0,0,160
0.9894813299179077,2.0,0.0,1.2000000476837158,0.10000000149011612,0.0046701207756996155,9.0,0,161
0.9894160032272339,2.0,0.0,1.2999999523162842,0.10000000149011612,0.06170203164219856,9.0,0,162
0.9893506765365601,2.0,0.0,1.399999976158142,0.10000000149011612,0.011581989005208015,9.0,0,163
0.9892853498458862,2.0,0.0,1.5,0.10000000149011612,0.006777550093829632,9.0,0,164
0.9892200231552124,2.0,0.0,1.600000023841858,0.10000000149011612,0.03091379441320896,9.0,0,165
0.9891546964645386,2.0,0.0,1.7000000476837158,0.10000000149011612,0.036055635660886765,9.0,0,166
0.98908931016922,2.0,0.0,1.7999999523162842,0.10000000149011612,0.0036039291881024837,9.0,0,167
0.9890239834785461,2.0,0.0,1.899999976158142,0.10000000149011612,0.03863333538174629,9.0,0,168
0.9889586567878723,2.0,0.0,2.0,0.10000000149011612,0.03306131064891815,9.0,0,169
0.9888933300971985,2.0,0.0,2.0999999046325684,0.10000000149011612,0.06512858718633652,9.0,0,170
0.9888280034065247,2.0,0.0,2.200000047683716,0.10000000149011612,0.005764973349869251,9.0,0,171
0.9887626767158508,2.0,0.0,2.299999952316284,0.10000000149011612,0.03128189966082573,9.0,0,172
0.988697350025177,2.0,0.0,2.4000000953674316,0.10000000149011612,0.007496529258787632,9.0,0,173
0.9886320233345032,2.0,0.0,2.5,0.10000000149011612,0.06254307180643082,9.0,0,174
0.9885666370391846,2.0,0.0,2.5999999046325684,0.10000000149011612,0.06093475967645645,9.0,0,175
0.9885013103485107,2.0,0.0,2.700000047683716,0.10000000149011612,0.002867825562134385,9.0,0,176
0.9884359836578369,2.0,0.0,2.799999952316284,0.10000000149011612,0.002317247213795781,9.0,0,177
0.9883706569671631,2.0,0.0,2.9000000953674316,0.10000000149011612,0.003080262104049325,9.0,0,178
0.9883053302764893,2.0,0.0,3.0,0.10000000149011612,0.09709035605192184,9.0,0,179
0.9882400035858154,2.0,0.0,3.0999999046325684,0.10000000149011612,0.029308978468179703,9.0,0,180
0.9881746768951416,2.0,0.0,3.200000047683716,0.10000000149011612,0.06624366343021393,9.0,0,181
0.9881093502044678,2.0,0.0,3.299999952316284,0.10000000149011612,0.010542267002165318,9.0,0,182
0.988044023513794,2.0,0.0,3.4000000953674316,0.10000000149011612,0.041090525686740875,9.0,0,183
0.9879786372184753,2.0,0.0,3.5,0.10000000149011612,0.03433096408843994,9.0,0,184
0.9879133105278015,2.0,0.0,3.5999999046325684,0.10000000149011612,0.09861193597316742,9.0,0,185
0.9878479838371277,2.0,0.0,3.700000047683716,0.10000000149011612,0.03069121390581131,9.0,0,186
0.9877826571464539,2.0,0.0,3.799999952316284,0.10000000149011612,0.008308395743370056,9.0,0,187
0.98771733045578,2.0,0.0,3.9000000953674316,0.10000000149011612,0.007042563520371914,9.0,0,188
0.9876520037651062,2.0,0.0,4.0,0.10000000149011612,0.005603300407528877,9.0,0,189
0.9875866770744324,2.0,0.0,4.099999904632568,0.10000000149011612,0.03290477767586708,9.0,0,190
0.9875213503837585,2.0,0.0,4.199999809265137,0.10000000149011612,0.03739410266280174,9.0,0,191
0.9874560236930847,2.0,0.0,4.300000190734863,0.10000000149011612,0.006776098161935806,9.0,0,192
0.9873906373977661,2.0,0.0,4.400000095367432,0.10000000149011612,0.004462508484721184,9.0,0,193
0.9873253107070923,2.0,0.0,4.5,0.10000000149011612,0.004878354258835316,9.0,0,194
0.9872599840164185,2.0,0.0,4.599999904632568,0.10000000149011612,0.0036203586496412754,9.0,0,195
0.9871946573257446,2.0,0.0,4.699999809265137,0.10000000149011612,0.06712886691093445,9.0,0,196
0.9871293306350708,2.0,0.0,4.800000190734863,0.10000000149011612,0.004490281455218792,9.0,0,197
0.987064003944397,2.0,0.0,4.900000095367432,0.10000000149011612,0.0304123442620039,9.0,0,198
0.9869986772537231,2.0,0.0,5.0,0.10000000149011612,0.0063384645618498325,9.0,0,199
0.9869333505630493,2.0,0.0,5.099999904632568,0.10000000149011612,0.004496310837566853,9.0,0,200
0.9868680238723755,2.0,0.0,5.199999809265137,0.10000000149011612,0.10773230344057083,9.0,0,201
0.9868026375770569,2.0,0.0,5.300000190734863,0.10000000149011612,0.003976562991738319,9.0,0,202
0.9867373108863831,2.0,0.0,5.400000095367432,0.10000000149011612,0.002605223562568426,9.0,0,203
0.9866719841957092,2.0,0.0,5.5,0.10000000149011612,0.0022897585295140743,9.0,0,204
0.9866066575050354,2.0,0.0,5.599999904632568,0.10000000149011612,0.06835664063692093,9.0,0,205
0.9865413308143616,2.0,0.0,5.699999809265137,0.10000000149011612,0.03400776535272598,9.0,0,206
0.9864760041236877,2.0,0.0,5.800000190734863,0.10000000149011612,0.06065348535776138,9.0,0,207
0.9864106774330139,2.0,0.0,5.900000095367432,0.10000000149011612,0.008980054408311844,9.0,0,208
0.9863453507423401,2.0,0.0,6.0,0.10000000149011612,0.04011053591966629,9.0,0,209
0.9862800240516663,2.0,0.0,6.099999904632568,0.10000000149011612,0.09785079956054688,9.0,0,210
0.9862146377563477,2.0,0.0,6.199999809265137,0.10000000149011612,0.06444978713989258,9.0,0,211
0.9861493110656738,2.0,0.0,6.300000190734863,0.10000000149011612,0.06548213213682175,9.0,0,212
0.986083984375,2.0,0.0,6.400000095367432,0.10000000149011612,0.031197817996144295,9.0,0,213
0.9860186576843262,2.0,0.0,6.5,0.10000000149011612,0.031094226986169815,9.0,0,214
0.9859533309936523,2.0,0.0,6.599999904632568,0.10000000149011612,0.039180487394332886,9.0,0,215
0.9858880043029785,2.0,0.0,6.699999809265137,0.10000000149011612,0.0627913847565651,9.0,0,216
0.9858226776123047,2.0,0.0,6.800000190734863,0.10000000149011612,0.006205961108207703,9.0,0,217
0.9857573509216309,2.0,0.0,6.900000095367432,0.10000000149011612,0.03501126915216446,9.0,0,218
0.985692024230957,2.0,0.0,7.0,0.10000000149011612,0.03616892173886299,9.0,0,219
0.9856266379356384,2.0,0.0,7.099999904632568,0.10000000149011612,0.006281024310737848,9.0,0,220
0.9855613112449646,2.0,0.0,7.199999809265137,0.10000000149011612,0.005283552221953869,9.0,0,221
0.9854959845542908,2.0,0.0,7.300000190734863,0.10000000149011612,0.06257183104753494,9.0,0,222
0.9854306578636169,2.0,0.0,7.400000095367432,0.10000000149011612,0.04017959535121918,9.0,0,223
0.9853653311729431,2.0,0.0,7.5,0.10000000149011612,0.03224414214491844,9.0,0,224
0.9853000044822693,2.0,0.0,7.599999904632568,0.10000000149011612,0.005476925987750292,9.0,0,225
0.9852346777915955,2.0,0.0,7.699999809265137,0.10000000149011612,0.005403670482337475,9.0,0,226
0.9851693511009216,2.0,0.0,7.800000190734863,0.10000000149011612,0.0024551202077418566,9.0,0,227
0.9851040244102478,2.0,0.0,7.900000095367432,0.10000000149011612,0.028617311269044876,9.0,0,228
0.9850386381149292,2.0,0.0,8.0,0.10000000149011612,0.0068915775045752525,9.0,0,229
0.9849733114242554,2.0,0.0,8.100000381469727,0.10000000149011612,0.004143062047660351,9.0,0,230
0.9849079847335815,2.0,0.0,8.199999809265137,0.10000000149011612,0.003284834325313568,9.0,0,231
0.9848426580429077,2.0,0.0,8.300000190734863,0.10000000149011612,0.029078533872961998,9.0,0,232
0.9847773313522339,2.0,0.0,8.399999618530273,0.10000000149011612,0.031874511390924454,9.0,0,233
0.9847120046615601,2.0,0.0,8.5,0.10000000149011612,0.006226301658898592,9.0,0,234
0.9846466779708862,2.0,0.0,8.600000381469727,0.10000000149011612,0.00324303493835032,9.0,0,235
0.9845813512802124,2.0,0.0,8.699999809265137,0.10000000149011612,0.003850568551570177,9.0,0,236
0.9845160245895386,2.0,0.0,8.800000190734863,0.10000000149011612,0.00282856822013855,9.0,0,237
0.98445063829422,2.0,0.0,8.899999618530273,0.10000000149011612,0.006668181158602238,9.0,0,238
0.9843853116035461,2.0,0.0,9.0,0.10000000149011612,0.03737965226173401,9.0,0,239
0.9843199849128723,2.0,0.0,9.100000381469727,0.10000000149011612,0.0346355214715004,9.0,0,240
0.9842546582221985,2.0,0.0,9.199999809265137,0.10000000149011612,0.0963812917470932,9.0,0,241
0.9841893315315247,2.0,0.0,9.300000190734863,0.10000000149011612,0.012348960153758526,9.0,0,242
0.9841240048408508,2.0,0.0,9.399999618530273,0.10000000149011612,0.040627431124448776,9.0,0,243
0.984058678150177,2.0,0.0,9.5,0.10000000149011612,0.01050566229969263,9.0,0,244
0.9839933514595032,2.0,0.0,9.600000381469727,0.10000000149011612,0.004270355682820082,9.0,0,245
0.9839280247688293,2.0,0.0,9.699999809265137,0.10000000149011612,0.0412612222135067,9.0,0,246
0.9838626384735107,2.0,0.0,9.800000190734863,0.10000000149011612,0.044279977679252625,9.0,0,247
0.9837973117828369,2.0,0.0,9.899999618530273,0.10000000149011612,0.07014032453298569,9.0,0,248
0.9837319850921631,2.0,0.0,10.0,0.10000000149011612,0.005437344312667847,9.0,0,249
0.9836666584014893,2.0,0.0,9.0,-1.0,0.09572665393352509,9.0,0,250
0.9836013317108154,3.0,0.0,0.10000000149011612,0.10000000149011612,0.041958197951316833,9.0,0,251
0.9835360050201416,3.0,0.0,0.20000000298023224,0.10000000149011612,0.014823732897639275,9.0,0,252
0.9834706783294678,3.0,0.0,0.30000001192092896,0.10000000149011612,0.0391525998711586,9.0,0,253
0.983405351638794,3.0,0.0,0.4000000059604645,0.10000000149011612,0.0026134373620152473,9.0,0,254
0.9833400249481201,3.0,0.0,0.5,0.10000000149011612,0.0372985377907753,9.0,0,255
0.9832746386528015,3.0,0.0,0.6000000238418579,0.10000000149011612,0.03699111193418503,9.0,0,256
0.9832093119621277,3.0,0.0,0.699999988079071,0.10000000149011612,0.04310647398233414,9.0,0,257
0.9831439852714539,3.0,0.0,0.800000011920929,0.10000000149011612,0.004094058647751808,9.0,0,258
0.98307865858078,3.0,0.0,0.8999999761581421,0.10000000149011612,0.004844951443374157,9.0,0,259
0.9830133318901062,3.0,0.0,1.0,0.10000000149011612,0.034984927624464035,9.0,0,260
0.9829480051994324,3.0,0.0,1.100000023841858,0.10000000149011612,0.012633088044822216,9.0,0,261
0.9828826785087585,3.0,0.0,1.2000000476837158,0.10000000149011612,0.0023492295295000076,9.0,0,262
0.9828173518180847,3.0,0.0,1.2999999523162842,0.10000000149011612,0.001895354362204671,9.0,0,263
0.9827520251274109,3.0,0.0,1.399999976158142,0.10000000149011612,0.0047672213986516,9.0,0,264
0.9826866388320923,3.0,0.0,1.5,0.10000000149011612,0.00690851965919137,9.0,0,265
0.9826213121414185,3.0,0.0,1.600000023841858,0.10000000149011612,0.004457049071788788,9.0,0,266
0.9825559854507446,3.0,0.0,1.7000000476837158,0.10000000149011612,0.07031147181987762,9.0,0,267
0.9824906587600708,3.0,0.0,1.7999999523162842,0.10000000149011612,0.03862319886684418,9.0,0,268
0.982425332069397,3.0,0.0,1.899999976158142,0.10000000149011612,0.013966867700219154,9.0,0,269
0.9823600053787231,3.0,0.0,2.0,0.10000000149011612,0.03786493465304375,9.0,0,270
0.9822946786880493,3.0,0.0,2.0999999046325684,0.10000000149011612,0.00522963609546423,9.0,0,271
0.9822293519973755,3.0,0.0,2.200000047683716,0.10000000149011612,0.042347151786088943,9.0,0,272
0.9821640253067017,3.0,0.0,2.299999952316284,0.10000000149011612,0.00529611948877573,9.0,0,273
0.9820986390113831,3.0,0.0,2.4000000953674316,0.10000000149011612,0.002994292415678501,9.0,0,274
0.9820333123207092,3.0,0.0,2.5,0.10000000149011612,0.003429613308981061,9.0,0,275
0.9819679856300354,3.0,0.0,2.5999999046325684,0.10000000149011612,0.00404196884483099,9.0,0,276
0.9819026589393616,3.0,0.0,2.700000047683716,0.10000000149011612,0.038738928735256195,9.0,0,277
0.9818373322486877,3.0,0.0,2.799999952316284,0.10000000149011612,0.040728144347667694,9.0,0,278
0.9817720055580139,3.0,0.0,2.9000000953674316,0.10000000149011612,0.032641902565956116,9.0,0,279
0.9817066788673401,3.0,0.0,3.0,0.10000000149011612,0.032294441014528275,9.0,0,280
0.9816413521766663,3.0,0.0,3.0999999046325684,0.10000000149011612,0.11192965507507324,9.0,0,281
0.9815760254859924,3.0,0.0,3.200000047683716,0.10000000149011612,0.002507719211280346,9.0,0,282
0.9815106391906738,3.0,0.0,3.299999952316284,0.10000000149011612,0.06545237451791763,9.0,0,283
0.9814453125,3.0,0.0,3.4000000953674316,0.10000000149011612,0.007119848392903805,9.0,0,284
0.9813799858093262,3.0,0.0,3.5,0.10000000149011612,0.0054421089589595795,9.0,0,285
0.9813146591186523,3.0,0.0,3.5999999046325684,0.10000000149011612,0.03675392270088196,9.0,0,286
0.9812493324279785,3.0,0.0,3.700000047683716,0.10000000149011612,0.0033520807046443224,9.0,0,287
0.9811840057373047,3.0,0.0,3.799999952316284,0.10000000149011612,0.034882355481386185,9.0,0,288
0.9811186790466309,3.0,0.0,3.9000000953674316,0.10000000149011612,0.039597563445568085,9.0,0,289
0.981053352355957,3.0,0.0,4.0,0.10000000149011612,0.0015287826536223292,9.0,0,290
0.9809880256652832,3.0,0.0,4.099999904632568,0.10000000149011612,0.0033242080826312304,9.0,0,291
0.9809226393699646,3.0,0.0,4.199999809265137,0.10000000149011612,0.03382190316915512,9.0,0,292
0.9808573126792908,3.0,0.0,4.300000190734863,0.10000000149011612,0.03527544066309929,9.0,0,293
0.9807919859886169,3.0,0.0,4.400000095367432,0.10000000149011612,0.0413375198841095,9.0,0,294
0.9807266592979431,3.0,0.0,4.5,0.10000000149011612,0.03120896779000759,9.0,0,295
0.9806613326072693,3.0,0.0,4.599999904632568,0.10000000149011612,0.003988484386354685,9.0,0,296
0.9805960059165955,3.0,0.0,4.699999809265137,0.10000000149011612,0.0016833996633067727,9.0,0,297
0.9805306792259216,3.0,0.0,4.800000190734863,0.10000000149011612,0.09836521744728088,9.0,0,298
0.9804653525352478,3.0,0.0,4.900000095367432,0.10000000149011612,0.0035926157142966986,9.0,0,299
0.980400025844574,3.0,0.0,5.0,0.10000000149011612,0.00432104105129838,9.0,0,300
0.9803346395492554,3.0,0.0,5.099999904632568,0.10000000149011612,0.03398943319916725,9.0,0,301
0.9802693128585815,3.0,0.0,5.199999809265137,0.10000000149011612,0.004086671397089958,9.0,0,302
0.9802039861679077,3.0,0.0,5.300000190734863,0.10000000149011612,0.09682640433311462,9.0,0,303
0.9801386594772339,3.0,0.0,5.400000095367432,0.10000000149011612,0.003134908154606819,9.0,0,304
0.9800733327865601,3.0,0.0,5.5,0.10000000149011612,0.004558084066957235,9.0,0,305
0.9800080060958862,3.0,0.0,5.599999904632568,0.10000000149011612,0.03958255425095558,9.0,0,306
0.9799426794052124,3.0,0.0,5.699999809265137,0.10000000149011612,0.0028615251649171114,9.0,0,307
0.9798773527145386,3.0,0.0,5.800000190734863,0.10000000149011612,0.037250835448503494,9.0,0,308
0.9798120260238647,3.0,0.0,5.900000095367432,0.10000000149011612,0.003212597453966737,9.0,0,309
0.9797466397285461,3.0,0.0,6.0,0.10000000149011612,0.0025893966667354107,9.0,0,310
0.9796813130378723,3.0,0.0,6.099999904632568,0.10000000149011612,0.0037744399160146713,9.0,0,311
0.9796159863471985,3.0,0.0,6.199999809265137,0.10000000149011612,0.0017926562577486038,9.0,0,312
0.9795506596565247,3.0,0.0,6.300000190734863,0.10000000149011612,0.0682608038187027,9.0,0,313
0.9794853329658508,3.0,0.0,6.400000095367432,0.10000000149011612,0.035387035459280014,9.0,0,314
0.979420006275177,3.0,0.0,6.5,0.10000000149011612,0.03282593935728073,9.0,0,315
0.9793546795845032,3.0,0.0,6.599999904632568,0.10000000149011612,0.005074255168437958,9.0,0,316
0.9792893528938293,3.0,0.0,6.699999809265137,0.10000000149011612,0.004587747622281313,9.0,0,317
0.9792240262031555,3.0,0.0,6.800000190734863,0.10000000149011612,0.03318782150745392,9.0,0,318
0.9791586399078369,3.0,0.0,6.900000095367432,0.10000000149011612,0.06617516279220581,9.0,0,319
0.9790933132171631,3.0,0.0,7.0,0.10000000149011612,0.03690548613667488,9.0,0,320
0.9790279865264893,3.0,0.0,7.099999904632568,0.10000000149011612,0.03593491017818451,9.0,0,321
0.9789626598358154,3.0,0.0,7.199999809265137,0.10000000149011612,0.03843943774700165,9.0,0,322
0.9788973331451416,3.0,0.0,7.300000190734863,0.10000000149011612,0.006891851779073477,9.0,0,323
0.9788320064544678,3.0,0.0,7.400000095367432,0.10000000149011612,0.003986546769738197,9.0,0,324
0.978766679763794,3.0,0.0,7.5,0.10000000149011612,0.002518156310543418,9.0,0,325
0.9787013530731201,3.0,0.0,7.599999904632568,0.10000000149011612,0.03711260110139847,9.0,0,326
0.9786360263824463,3.0,0.0,7.699999809265137,0.10000000149011612,0.004914505407214165,9.0,0,327
0.9785706400871277,3.0,0.0,7.800000190734863,0.10000000149011612,0.06566552072763443,9.0,0,328
0.9785053133964539,3.0,0.0,7.900000095367432,0.10000000149011612,0.003202368039637804,9.0,0,329
0.97843998670578,3.0,0.0,8.0,0.10000000149011612,0.007817446254193783,9.0,0,330
0.9783746600151062,3.0,0.0,8.100000381469727,0.10000000149011612,0.005594654008746147,9.0,0,331
0.9783093333244324,3.0,0.0,8.199999809265137,0.10000000149011612,0.0033957038540393114,9.0,0,332
0.9782440066337585,3.0,0.0,8.300000190734863,0.10000000149011612,0.001996499951928854,9.0,0,333
0.9781786799430847,3.0,0.0,8.399999618530273,0.10000000149011612,0.003828114364296198,9.0,0,334
0.9781133532524109,3.0,0.0,8.5,0.10000000149011612,0.006710348650813103,9.0,0,335
0.9780480265617371,3.0,0.0,8.600000381469727,0.10000000149011612,0.03767184913158417,9.0,0,336
0.9779826402664185,3.0,0.0,8.699999809265137,0.10000000149011612,0.0016445528017356992,9.0,0,337
0.9779173135757446,3.0,0.0,8.800000190734863,0.10000000149011612,0.033818233758211136,9.0,0,338
0.9778519868850708,3.0,0.0,8.899999618530273,0.10000000149011612,0.007601989898830652,9.0,0,339
0.977786660194397,3.0,0.0,9.0,0.10000000149011612,0.005383252166211605,9.0,0,340
0.9777213335037231,3.0,0.0,9.100000381469727,0.10000000149011612,0.03123161569237709,9.0,0,341
0.9776560068130493,3.0,0.0,9.199999809265137,0.10000000149011612,0.0018371895421296358,9.0,0,342
0.9775906801223755,3.0,0.0,9.300000190734863,0.10000000149011612,0.03890489414334297,9.0,0,343
0.9775253534317017,3.0,0.0,9.399999618530273,0.10000000149011612,0.03524377942085266,9.0,0,344
0.9774600267410278,3.0,0.0,9.5,0.10000000149011612,0.03149612620472908,9.0,0,345
0.9773946404457092,3.0,0.0,9.600000381469727,0.10000000149011612,0.06470054388046265,9.0,0,346
0.9773293137550354,3.0,0.0,9.699999809265137,0.10000000149011612,0.010190991684794426,9.0,0,347
0.9772639870643616,3.0,0.0,9.800000190734863,0.10000000149011612,0.012976203113794327,9.0,0,348
0.9771986603736877,3.0,0.0,9.899999618530273,0.10000000149011612,0.004870528820902109,9.0,0,349
0.9771333336830139,3.0,0.0,10.0,0.10000000149011612,0.004516063258051872,9.0,0,350
0.9770680069923401,3.0,0.0,9.0,-1.0,0.03949351608753204,9.0,0,351
0.9770026803016663,4.0,0.0,0.10000000149011612,0.10000000149011612,0.00444687157869339,9.0,0,352
0.9769373536109924,4.0,0.0,0.20000000298023224,0.10000000149011612,0.0028014788404107094,9.0,0,353
0.9768720269203186,4.0,0.0,0.30000001192092896,0.10000000149011612,0.0024241285864263773,9.0,0,354
0.976806640625,4.0,0.0,0.4000000059604645,0.10000000149011612,0.002962133614346385,9.0,0,355
0.9767413139343262,4.0,0.0,0.5,0.10000000149011612,0.0021967245265841484,9.0,0,356
0.9766759872436523,4.0,0.0,0.6000000238418579,0.10000000149011612,0.034785881638526917,9.0,0,357
0.9766106605529785,4.0,0.0,0.699999988079071,0.10000000149011612,0.0008902568370103836,9.0,0,358
0.9765453338623047,4.0,0.0,0.800000011920929,0.10000000149011612,0.0011608132626861334,9.0,0,359
0.9764800071716309,4.0,0.0,0.8999999761581421,0.10000000149011612,0.04048842936754227,9.0,0,360
0.976414680480957,4.0,0.0,1.0,0.10000000149011612,0.034750547260046005,9.0,0,361
0.9763493537902832,4.0,0.0,1.100000023841858,0.10000000149011612,0.03218869864940643,9.0,0,362
0.9762840270996094,4.0,0.0,1.2000000476837158,0.10000000149011612,0.003922437783330679,9.0,0,363
0.9762186408042908,4.0,0.0,1.2999999523162842,0.10000000149011612,0.03278396651148796,9.0,0,364
0.9761533141136169,4.0,0.0,1.399999976158142,0.10000000149011612,0.03821330890059471,9.0,0,365
0.9760879874229431,4.0,0.0,1.5,0.10000000149011612,0.0315820574760437,9.0,0,366
0.9760226607322693,4.0,0.0,1.600000023841858,0.10000000149011612,0.0699230432510376,9.0,0,367
0.9759573340415955,4.0,0.0,1.7000000476837158,0.10000000149011612,0.0029288940131664276,9.0,0,368
0.9758920073509216,4.0,0.0,1.7999999523162842,0.10000000149011612,0.03212963417172432,9.0,0,369
0.9758266806602478,4.0,0.0,1.899999976158142,0.10000000149011612,0.0030431216582655907,9.0,0,370
0.975761353969574,4.0,0.0,2.0,0.10000000149011612,0.04004637151956558,9.0,0,371
0.9756960272789001,4.0,0.0,2.0999999046325684,0.10000000149011612,0.003909732680767775,9.0,0,372
0.9756306409835815,4.0,0.0,2.200000047683716,0.10000000149011612,0.06551510840654373,9.0,0,373
0.9755653142929077,4.0,0.0,2.299999952316284,0.10000000149011612,0.03526949882507324,9.0,0,374
0.9754999876022339,4.0,0.0,2.4000000953674316,0.10000000149011612,0.006891459692269564,9.0,0,375
0.9754346609115601,4.0,0.0,2.5,0.10000000149011612,0.005876269191503525,9.0,0,376
0.9753693342208862,4.0,0.0,2.5999999046325684,0.10000000149011612,0.004908008500933647,9.0,0,377
0.9753040075302124,4.0,0.0,2.700000047683716,0.10000000149011612,0.005656876601278782,9.0,0,378
0.9752386808395386,4.0,0.0,2.799999952316284,0.10000000149011612,0.039593782275915146,9.0,0,379
0.9751733541488647,4.0,0.0,2.9000000953674316,0.10000000149011612,0.06955461204051971,9.0,0,380
0.9751080274581909,4.0,0.0,3.0,0.10000000149011612,0.002433082088828087,9.0,0,381
0.9750426411628723,4.0,0.0,3.0999999046325684,0.10000000149011612,0.007598912343382835,9.0,0,382
0.9749773144721985,4.0,0.0,3.200000047683716,0.10000000149011612,0.005519046448171139,9.0,0,383
0.9749119877815247,4.0,0.0,3.299999952316284,0.10000000149011612,0.03470739349722862,9.0,0,384
0.9748466610908508,4.0,0.0,3.4000000953674316,0.10000000149011612,0.06724877655506134,9.0,0,385
0.974781334400177,4.0,0.0,3.5,0.10000000149011612,0.0036006539594382048,9.0,0,386
0.9747160077095032,4.0,0.0,3.5999999046325684,0.10000000149011612,0.03180123493075371,9.0,0,387
0.9746506810188293,4.0,0.0,3.700000047683716,0.10000000149011612,0.003882660297676921,9.0,0,388
0.9745853543281555,4.0,0.0,3.799999952316284,0.10000000149011612,0.005773617886006832,9.0,0,389
0.9745200276374817,4.0,0.0,3.9000000953674316,0.10000000149011612,0.0028479970060288906,9.0,0,390
0.9744546413421631,4.0,0.0,4.0,0.10000000149011612,0.037930939346551895,9.0,0,391
0.9743893146514893,4.0,0.0,4.099999904632568,0.10000000149011612,0.06776051968336105,9.0,0,392
0.9743239879608154,4.0,0.0,4.199999809265137,0.10000000149011612,0.06106915324926376,9.0,0,393
0.9742586612701416,4.0,0.0,4.300000190734863,0.10000000149011612,0.006868325639516115,9.0,0,394
0.9741933345794678,4.0,0.0,4.400000095367432,0.10000000149011612,0.010547617450356483,9.0,0,395
0.974128007888794,4.0,0.0,4.5,0.10000000149011612,0.005755116231739521,9.0,0,396
0.9740626811981201,4.0,0.0,4.599999904632568,0.10000000149011612,0.004497428424656391,9.0,0,397
0.9739973545074463,4.0,0.0,4.699999809265137,0.10000000149011612,0.002758988179266453,9.0,0,398
0.9739320278167725,4.0,0.0,4.800000190734863,0.10000000149011612,0.08973394334316254,9.0,0,399
0.9738666415214539,4.0,0.0,4.900000095367432,0.10000000149011612,0.004023444373160601,9.0,0,400
0.97380131483078,4.0,0.0,5.0,0.10000000149011612,0.003135625971481204,9.0,0,401
0.9737359881401062,4.0,0.0,5.099999904632568,0.10000000149011612,0.00536083010956645,9.0,0,402
0.9736706614494324,4.0,0.0,5.199999809265137,0.10000000149011612,0.06352479755878448,9.0,0,403
0.9736053347587585,4.0,0.0,5.300000190734863,0.10000000149011612,0.06545032560825348,9.0,0,404
0.9735400080680847,4.0,0.0,5.400000095367432,0.10000000149011612,0.0072603304870426655,9.0,0,405
0.9734746813774109,4.0,0.0,5.5,0.10000000149011612,0.0041269101202487946,9.0,0,406
0.9734093546867371,4.0,0.0,5.599999904632568,0.10000000149011612,0.004138145595788956,9.0,0,407
0.9733440279960632,4.0,0.0,5.699999809265137,0.10000000149011612,0.037853728979825974,9.0,0,408
0.9732786417007446,4.0,0.0,5.800000190734863,0.10000000149011612,0.0028850967064499855,9.0,0,409
0.9732133150100708,4.0,0.0,5.900000095367432,0.10000000149011612,0.0023343078792095184,9.0,0,410
0.973147988319397,4.0,0.0,6.0,0.10000000149011612,0.035461388528347015,9.0,0,411
0.9730826616287231,4.0,0.0,6.099999904632568,0.10000000149011612,0.004042263142764568,9.0,0,412
0.9730173349380493,4.0,0.0,6.199999809265137,0.10000000149011612,0.09402724355459213,9.0,0,413
0.9729520082473755,4.0,0.0,6.300000190734863,0.10000000149011612,0.03183349221944809,9.0,0,414
0.9728866815567017,4.0,0.0,6.400000095367432,0.10000000149011612,0.005474960897117853,9.0,0,415
0.9728213548660278,4.0,0.0,6.5,0.10000000149011612,0.005271498113870621,9.0,0,416
0.972756028175354,4.0,0.0,6.599999904632568,0.10000000149011612,0.002042722422629595,9.0,0,417
0.9726906418800354,4.0,0.0,6.699999809265137,0.10000000149011612,0.004254938568919897,9.0,0,418
0.9726253151893616,4.0,0.0,6.800000190734863,0.10000000149011612,0.008159423246979713,9.0,0,419
0.9725599884986877,4.0,0.0,6.900000095367432,0.10000000149011612,0.040234070271253586,9.0,0,420
0.9724946618080139,4.0,0.0,7.0,0.10000000149011612,0.0020623113960027695,9.0,0,421
0.9724293351173401,4.0,0.0,7.099999904632568,0.10000000149011612,0.005149892531335354,9.0,0,422
0.9723640084266663,4.0,0.0,7.199999809265137,0.10000000149011612,0.036654531955718994,9.0,0,423
0.9722986817359924,4.0,0.0,7.300000190734863,0.10000000149011612,0.005926415324211121,9.0,0,424
0.9722333550453186,4.0,0.0,7.400000095367432,0.10000000149011612,0.0017940477700904012,9.0,0,425
0.9721680283546448,4.0,0.0,7.5,0.10000000149011612,0.0016951506258919835,9.0,0,426
0.9721026420593262,4.0,0.0,7.599999904632568,0.10000000149011612,0.0038440735079348087,9.0,0,427
0.9720373153686523,4.0,0.0,7.699999809265137,0.10000000149011612,0.004359324462711811,9.0,0,428
0.9719719886779785,4.0,0.0,7.800000190734863,0.10000000149011612,0.036508314311504364,9.0,0,429
0.9719066619873047,4.0,0.0,7.900000095367432,0.10000000149011612,0.001892104628495872,9.0,0,430
0.9718413352966309,4.0,0.0,8.0,0.10000000149011612,0.03758923336863518,9.0,0,431
0.971776008605957,4.0,0.0,8.100000381469727,0.10000000149011612,0.005634378641843796,9.0,0,432
0.9717106819152832,4.0,0.0,8.199999809265137,0.10000000149011612,0.006267081946134567,9.0,0,433
0.9716453552246094,4.0,0.0,8.300000190734863,0.10000000149011612,0.03227877616882324,9.0,0,434
0.9715800285339355,4.0,0.0,8.399999618530273,0.10000000149011612,0.03498173877596855,9.0,0,435
0.9715146422386169,4.0,0.0,8.5,0.10000000149011612,0.003945349715650082,9.0,0,436
0.9714493155479431,4.0,0.0,8.600000381469727,0.10000000149011612,0.0022296528331935406,9.0,0,437
0.9713839888572693,4.0,0.0,8.699999809265137,0.10000000149011612,0.0013178377412259579,9.0,0,438
0.9713186621665955,4.0,0.0,8.800000190734863,0.10000000149011612,0.03275942802429199,9.0,0,439
0.9712533354759216,4.0,0.0,8.899999618530273,0.10000000149011612,0.002060779370367527,9.0,0,440
0.9711880087852478,4.0,0.0,9.0,0.10000000149011612,0.0033444566652178764,9.0,0,441
0.971122682094574,4.0,0.0,9.100000381469727,0.10000000149011612,0.03341188281774521,9.0,0,442
0.9710573554039001,4.0,0.0,9.199999809265137,0.10000000149011612,0.033320505172014236,9.0,0,443
0.9709920287132263,4.0,0.0,9.300000190734863,0.10000000149011612,0.030879806727170944,9.0,0,444
0.9709266424179077,4.0,0.0,9.399999618530273,0.10000000149011612,0.06388983130455017,9.0,0,445
0.9708613157272339,4.0,0.0,9.5,0.10000000149011612,0.0053070164285600185,9.0,0,446
0.9707959890365601,4.0,0.0,9.600000381469727,0.10000000149011612,0.004115139599889517,9.0,0,447
0.9707306623458862,4.0,0.0,9.699999809265137,0.10000000149011612,0.003629519371315837,9.0,0,448
0.9706653356552124,4.0,0.0,9.800000190734863,0.10000000149011612,0.03551795706152916,9.0,0,449
0.9706000089645386,4.0,0.0,9.899999618530273,0.10000000149011612,0.001612077234312892,9.0,0,450
0.9705346822738647,4.0,0.0,10.0,0.10000000149011612,0.0026037930510938168,9.0,0,451
0.9704693555831909,4.0,0.0,9.0,-1.0,0.0702550858259201,9.0,0,452
0.9704040288925171,5.0,0.0,0.10000000149011612,0.10000000149011612,0.0018157633021473885,9.0,0,453
0.9703386425971985,5.0,0.0,0.20000000298023224,0.10000000149011612,0.0039555104449391365,9.0,0,454
0.9702733159065247,5.0,0.0,0.30000001192092896,0.10000000149011612,0.034998200833797455,9.0,0,455
0.9702079892158508,5.0,0.0,0.4000000059604645,0.10000000149011612,0.03278516232967377,9.0,0,456
0.970142662525177,5.0,0.0,0.5,0.10000000149011612,0.0032682358287274837,9.0,0,457
0.9700773358345032,5.0,0.0,0.6000000238418579,0.10000000149011612,0.034950412809848785,9.0,0,458
0.9700120091438293,5.0,0.0,0.699999988079071,0.10000000149011612,0.036411285400390625,9.0,0,459
0.9699466824531555,5.0,0.0,0.800000011920929,0.10000000149011612,0.13387595117092133,9.0,0,460
0.9698813557624817,5.0,0.0,0.8999999761581421,0.10000000149011612,0.06041526049375534,9.0,0,461
0.9698160290718079,5.0,0.0,1.0,0.10000000149011612,0.015330350957810879,9.0,0,462
0.9697506427764893,5.0,0.0,1.100000023841858,0.10000000149011612,0.01910850964486599,9.0,0,463
0.9696853160858154,5.0,0.0,1.2000000476837158,0.10000000149011612,0.009608915075659752,9.0,0,464
0.9696199893951416,5.0,0.0,1.2999999523162842,0.10000000149011612,0.005104783456772566,9.0,0,465
0.9695546627044678,5.0,0.0,1.399999976158142,0.10000000149011612,0.03881031274795532,9.0,0,466
0.969489336013794,5.0,0.0,1.5,0.10000000149011612,0.03490502014756203,9.0,0,467
0.9694240093231201,5.0,0.0,1.600000023841858,0.10000000149011612,0.036592330783605576,9.0,0,468
0.9693586826324463,5.0,0.0,1.7000000476837158,0.10000000149011612,0.02939826436340809,9.0,0,469
0.9692933559417725,5.0,0.0,1.7999999523162842,0.10000000149011612,0.06149304285645485,9.0,0,470
0.9692280292510986,5.0,0.0,1.899999976158142,0.10000000149011612,0.011724304407835007,9.0,0,471
0.96916264295578,5.0,0.0,2.0,0.10000000149011612,0.0069596245884895325,9.0,0,472
0.9690973162651062,5.0,0.0,2.0999999046325684,0.10000000149011612,0.058234117925167084,9.0,0,473
0.9690319895744324,5.0,0.0,2.200000047683716,0.10000000149011612,0.002394967246800661,9.0,0,474
0.9689666628837585,5.0,0.0,2.299999952316284,0.10000000149011612,0.04032538831233978,9.0,0,475
0.9689013361930847,5.0,0.0,2.4000000953674316,0.10000000149011612,0.0054337624460458755,9.0,0,476
0.9688360095024109,5.0,0.0,2.5,0.10000000149011612,0.029918784275650978,9.0,0,477
0.9687706828117371,5.0,0.0,2.5999999046325684,0.10000000149011612,0.03548232093453407,9.0,0,478
0.9687053561210632,5.0,0.0,2.700000047683716,0.10000000149011612,0.035750068724155426,9.0,0,479
0.9686400294303894,5.0,0.0,2.799999952316284,0.10000000149011612,0.060884252190589905,9.0,0,480
0.9685746431350708,5.0,0.0,2.9000000953674316,0.10000000149011612,0.006309051066637039,9.0,0,481
0.968509316444397,5.0,0.0,3.0,0.10000000149011612,0.004746853373944759,9.0,0,482
0.9684439897537231,5.0,0.0,3.0999999046325684,0.10000000149011612,0.0041420296765863895,9.0,0,483
0.9683786630630493,5.0,0.0,3.200000047683716,0.10000000149011612,0.0400984100997448,9.0,0,484
0.9683133363723755,5.0,0.0,3.299999952316284,0.10000000149011612,0.03558895364403725,9.0,0,485
0.9682480096817017,5.0,0.0,3.4000000953674316,0.10000000149011612,0.028489310294389725,9.0,0,486
0.9681826829910278,5.0,0.0,3.5,0.10000000149011612,0.012202439829707146,9.0,0,487
0.968117356300354,5.0,0.0,3.5999999046325684,0.10000000149011612,0.05917782709002495,9.0,0,488
0.9680520296096802,5.0,0.0,3.700000047683716,0.10000000149011612,0.013239468447864056,9.0,0,489
0.9679866433143616,5.0,0.0,3.799999952316284,0.10000000149011612,0.03840722143650055,9.0,0,490
0.9679213166236877,5.0,0.0,3.9000000953674316,0.10000000149011612,0.0030872265342622995,9.0,0,491
0.9678559899330139,5.0,0.0,4.0,0.10000000149011612,0.005470479838550091,9.0,0,492
0.9677906632423401,5.0,0.0,4.099999904632568,0.10000000149011612,0.005337419919669628,9.0,0,493
0.9677253365516663,5.0,0.0,4.199999809265137,0.10000000149011612,0.0032222147565335035,9.0,0,494
0.9676600098609924,5.0,0.0,4.300000190734863,0.10000000149011612,0.002193788532167673,9.0,0,495
0.9675946831703186,5.0,0.0,4.400000095367432,0.10000000149011612,0.003194649238139391,9.0,0,496
0.9675293564796448,5.0,0.0,4.5,0.10000000149011612,0.06377242505550385,9.0,0,497
0.967464029788971,5.0,0.0,4.599999904632568,0.10000000149011612,0.03445412218570709,9.0,0,498
0.9673986434936523,5.0,0.0,4.699999809265137,0.10000000149011612,0.091917023062706,9.0,0,499
0.9673333168029785,5.0,0.0,4.800000190734863,0.10000000149011612,0.005509813781827688,9.0,0,500
0.9672679901123047,5.0,0.0,4.900000095367432,0.10000000149011612,0.0375053845345974,9.0,0,501
0.9672026634216309,5.0,0.0,5.0,0.10000000149011612,0.03218294307589531,9.0,0,502
0.967137336730957,5.0,0.0,5.099999904632568,0.10000000149011612,0.004529736470431089,9.0,0,503
0.9670720100402832,5.0,0.0,5.199999809265137,0.10000000149011612,0.0026942994445562363,9.0,0,504
0.9670066833496094,5.0,0.0,5.300000190734863,0.10000000149011612,0.061147525906562805,9.0,0,505
0.9669413566589355,5.0,0.0,5.400000095367432,0.10000000149011612,0.002471026498824358,9.0,0,506
0.9668759703636169,5.0,0.0,5.5,0.10000000149011612,0.03143548592925072,9.0,0,507
0.9668106436729431,5.0,0.0,5.599999904632568,0.10000000149011612,0.0038631027564406395,9.0,0,508
0.9667453169822693,5.0,0.0,5.699999809265137,0.10000000149011612,0.005080107599496841,9.0,0,509
0.9666799902915955,5.0,0.0,5.800000190734863,0.10000000149011612,0.0031891916878521442,9.0,0,510
0.9666146636009216,5.0,0.0,5.900000095367432,0.10000000149011612,0.003449806710705161,9.0,0,511
0.9665493369102478,5.0,0.0,6.0,0.10000000149011612,0.07252635806798935,9.0,0,512
0.966484010219574,5.0,0.0,6.099999904632568,0.10000000149011612,0.0032857470214366913,9.0,0,513
0.9664186835289001,5.0,0.0,6.199999809265137,0.10000000149011612,0.009172694757580757,9.0,0,514
0.9663533568382263,5.0,0.0,6.300000190734863,0.10000000149011612,0.032594021409749985,9.0,0,515
0.9662879705429077,5.0,0.0,6.400000095367432,0.10000000149011612,0.007771280128508806,9.0,0,516
0.9662226438522339,5.0,0.0,6.5,0.10000000149011612,0.0037399909924715757,9.0,0,517
0.9661573171615601,5.0,0.0,6.599999904632568,0.10000000149011612,0.002507195807993412,9.0,0,518
0.9660919904708862,5.0,0.0,6.699999809265137,0.10000000149011612,0.0036468047183007,9.0,0,519
0.9660266637802124,5.0,0.0,6.800000190734863,0.10000000149011612,0.03799647465348244,9.0,0,520
0.9659613370895386,5.0,0.0,6.900000095367432,0.10000000149011612,0.034967582672834396,9.0,0,521
0.9658960103988647,5.0,0.0,7.0,0.10000000149011612,0.004025743342936039,9.0,0,522
0.9658306837081909,5.0,0.0,7.099999904632568,0.10000000149011612,0.007688069716095924,9.0,0,523
0.9657653570175171,5.0,0.0,7.199999809265137,0.10000000149011612,0.009738897904753685,9.0,0,524
0.9656999707221985,5.0,0.0,7.300000190734863,0.10000000149011612,0.005139566957950592,9.0,0,525
0.9656346440315247,5.0,0.0,7.400000095367432,0.10000000149011612,0.038062434643507004,9.0,0,526
0.9655693173408508,5.0,0.0,7.5,0.10000000149011612,0.03690710291266441,9.0,0,527
0.965503990650177,5.0,0.0,7.599999904632568,0.10000000149011612,0.00199134461581707,9.0,0,528
0.9654386639595032,5.0,0.0,7.699999809265137,0.10000000149011612,0.0378420390188694,9.0,0,529
0.9653733372688293,5.0,0.0,7.800000190734863,0.10000000149011612,0.03150051459670067,9.0,0,530
0.9653080105781555,5.0,0.0,7.900000095367432,0.10000000149011612,0.0428895503282547,9.0,0,531
0.9652426838874817,5.0,0.0,8.0,0.10000000149011612,0.07469544559717178,9.0,0,532
0.9651773571968079,5.0,0.0,8.100000381469727,0.10000000149011612,0.032364942133426666,9.0,0,533
0.9651119709014893,5.0,0.0,8.199999809265137,0.10000000149011612,0.06998816877603531,9.0,0,534
0.9650466442108154,5.0,0.0,8.300000190734863,0.10000000149011612,0.00341169536113739,9.0,0,535
0.9649813175201416,5.0,0.0,8.399999618530273,0.10000000149011612,0.06442771106958389,9.0,0,536
0.9649159908294678,5.0,0.0,8.5,0.10000000149011612,0.06965132802724838,9.0,0,537
0.964850664138794,5.0,0.0,8.600000381469727,0.10000000149011612,0.00788477435708046,9.0,0,538
0.9647853374481201,5.0,0.0,8.699999809265137,0.10000000149011612,0.007759051397442818,9.0,0,539
0.9647200107574463,5.0,0.0,8.800000190734863,0.10000000149011612,0.006560840643942356,9.0,0,540
0.9646546840667725,5.0,0.0,8.899999618530273,0.10000000149011612,0.03462598845362663,9.0,0,541
0.9645893573760986,5.0,0.0,9.0,0.10000000149011612,0.003967412281781435,9.0,0,542
0.96452397108078,5.0,0.0,9.100000381469727,0.10000000149011612,0.003420422784984112,9.0,0,543
0.9644586443901062,5.0,0.0,9.199999809265137,0.10000000149011612,0.004730721469968557,9.0,0,544
0.9643933176994324,5.0,0.0,9.300000190734863,0.10000000149011612,0.004158597439527512,9.0,0,545
0.9643279910087585,5.0,0.0,9.399999618530273,0.10000000149011612,0.03016245737671852,9.0,0,546
0.9642626643180847,5.0,0.0,9.5,0.10000000149011612,0.00887998752295971,9.0,0,547
0.9641973376274109,5.0,0.0,9.600000381469727,0.10000000149011612,0.005842404440045357,9.0,0,548
0.9641320109367371,5.0,0.0,9.699999809265137,0.10000000149011612,0.03654870763421059,9.0,0,549
0.9640666842460632,5.0,0.0,9.800000190734863,0.10000000149011612,0.0037388624623417854,9.0,0,550
0.9640013575553894,5.0,0.0,9.899999618530273,0.10000000149011612,0.03679317981004715,9.0,0,551
0.9639359712600708,5.0,0.0,10.0,0.10000000149011612,0.0343441478908062,9.0,0,552
0.963870644569397,5.0,0.0,9.0,-1.0,0.0017764568328857422,9.0,0,553
0.9638053178787231,6.0,0.0,0.10000000149011612,0.10000000149011612,0.0037094191648066044,9.0,0,554
0.9637399911880493,6.0,0.0,0.20000000298023224,0.10000000149011612,0.03816993162035942,9.0,0,555
0.9636746644973755,6.0,0.0,0.30000001192092896,0.10000000149011612,0.004931803792715073,9.0,0,556
0.9636093378067017,6.0,0.0,0.4000000059604645,0.10000000149011612,0.03151018172502518,9.0,0,557
0.9635440111160278,6.0,0.0,0.5,0.10000000149011612,0.06008842960000038,9.0,0,558
0.963478684425354,6.0,0.0,0.6000000238418579,0.10000000149011612,0.00290105864405632,9.0,0,559
0.9634133577346802,6.0,0.0,0.699999988079071,0.10000000149011612,0.03238726034760475,9.0,0,560
0.9633479714393616,6.0,0.0,0.800000011920929,0.10000000149011612,0.03813393414020538,9.0,0,561
0.9632826447486877,6.0,0.0,0.8999999761581421,0.10000000149011612,0.0021454982925206423,9.0,0,562
0.9632173180580139,6.0,0.0,1.0,0.10000000149011612,0.001974868355318904,9.0,0,563
0.9631519913673401,6.0,0.0,1.100000023841858,0.10000000149011612,0.06183060258626938,9.0,0,564
0.9630866646766663,6.0,0.0,1.2000000476837158,0.10000000149011612,0.03504827618598938,9.0,0,565
0.9630213379859924,6.0,0.0,1.2999999523162842,0.10000000149011612,0.0623859204351902,9.0,0,566
0.9629560112953186,6.0,0.0,1.399999976158142,0.10000000149011612,0.004220603033900261,9.0,0,567
0.9628906846046448,6.0,0.0,1.5,0.10000000149011612,0.002665142295882106,9.0,0,568
0.962825357913971,6.0,0.0,1.600000023841858,0.10000000149011612,0.0017802307847887278,9.0,0,569
0.9627599716186523,6.0,0.0,1.7000000476837158,0.10000000149011612,0.03543880954384804,9.0,0,570
0.9626946449279785,6.0,0.0,1.7999999523162842,0.10000000149011612,0.031311944127082825,9.0,0,571
0.9626293182373047,6.0,0.0,1.899999976158142,0.10000000149011612,0.004836878273636103,9.0,0,572
0.9625639915466309,6.0,0.0,2.0,0.10000000149011612,0.05908134579658508,9.0,0,573
0.962498664855957,6.0,0.0,2.0999999046325684,0.10000000149011612,0.003994915634393692,9.0,0,574
0.9624333381652832,6.0,0.0,2.200000047683716,0.10000000149011612,0.006807262543588877,9.0,0,575
0.9623680114746094,6.0,0.0,2.299999952316284,0.10000000149011612,0.002359356265515089,9.0,0,576
0.9623026847839355,6.0,0.0,2.4000000953674316,0.10000000149011612,0.006043126806616783,9.0,0,577
0.9622373580932617,6.0,0.0,2.5,0.10000000149011612,0.04123160243034363,9.0,0,578
0.9621719717979431,6.0,0.0,2.5999999046325684,0.10000000149011612,0.0009772989433258772,9.0,0,579
0.9621066451072693,6.0,0.0,2.700000047683716,0.10000000149011612,0.005103007424622774,9.0,0,580
0.9620413184165955,6.0,0.0,2.799999952316284,0.10000000149011612,0.03263455256819725,9.0,0,581
0.9619759917259216,6.0,0.0,2.9000000953674316,0.10000000149011612,0.006579820066690445,9.0,0,582
0.9619106650352478,6.0,0.0,3.0,0.10000000149011612,0.001099650515243411,9.0,0,583
0.961845338344574,6.0,0.0,3.0999999046325684,0.10000000149011612,0.0022770273499190807,9.0,0,584
0.9617800116539001,6.0,0.0,3.200000047683716,0.10000000149011612,0.07299352437257767,9.0,0,585
0.9617146849632263,6.0,0.0,3.299999952316284,0.10000000149011612,0.0013646651059389114,9.0,0,586
0.9616493582725525,6.0,0.0,3.4000000953674316,0.10000000149011612,0.0041902922093868256,9.0,0,587
0.9615839719772339,6.0,0.0,3.5,0.10000000149011612,0.0038178202230483294,9.0,0,588
0.9615186452865601,6.0,0.0,3.5999999046325684,0.10000000149011612,0.06539198756217957,9.0,0,589
0.9614533185958862,6.0,0.0,3.700000047683716,0.10000000149011612,0.0015674132155254483,9.0,0,590
0.9613879919052124,6.0,0.0,3.799999952316284,0.10000000149011612,0.0015201373025774956,9.0,0,591
0.9613226652145386,6.0,0.0,3.9000000953674316,0.10000000149011612,0.07321498543024063,9.0,0,592
0.9612573385238647,6.0,0.0,4.0,0.10000000149011612,0.07255098223686218,9.0,0,593
0.9611920118331909,6.0,0.0,4.099999904632568,0.10000000149011612,0.03155101463198662,9.0,0,594
0.9611266851425171,6.0,0.0,4.199999809265137,0.10000000149011612,0.009387055411934853,9.0,0,595
0.9610613584518433,6.0,0.0,4.300000190734863,0.10000000149011612,0.0056827487424016,9.0,0,596
0.9609959721565247,6.0,0.0,4.400000095367432,0.10000000149011612,0.06339342892169952,9.0,0,597
0.9609306454658508,6.0,0.0,4.5,0.10000000149011612,0.0018607676029205322,9.0,0,598
0.960865318775177,6.0,0.0,4.599999904632568,0.10000000149011612,0.0021235060412436724,9.0,0,599
0.9607999920845032,6.0,0.0,4.699999809265137,0.10000000149011612,0.03918837010860443,9.0,0,600
0.9607346653938293,6.0,0.0,4.800000190734863,0.10000000149011612,0.06546620279550552,9.0,0,601
0.9606693387031555,6.0,0.0,4.900000095367432,0.10000000149011612,0.003013992216438055,9.0,0,602
0.9606040120124817,6.0,0.0,5.0,0.10000000149011612,0.06169578433036804,9.0,0,603
0.9605386853218079,6.0,0.0,5.099999904632568,0.10000000149011612,0.03602246567606926,9.0,0,604
0.960473358631134,6.0,0.0,5.199999809265137,0.10000000149011612,0.009057275950908661,9.0,0,605
0.9604079723358154,6.0,0.0,5.300000190734863,0.10000000149011612,0.03234722465276718,9.0,0,606
0.9603426456451416,6.0,0.0,5.400000095367432,0.10000000149011612,0.002992107532918453,9.0,0,607
0.9602773189544678,6.0,0.0,5.5,0.10000000149011612,0.006452273577451706,9.0,0,608
0.960211992263794,6.0,0.0,5.599999904632568,0.10000000149011612,0.03854391351342201,9.0,0,609
0.9601466655731201,6.0,0.0,5.699999809265137,0.10000000149011612,0.0360262431204319,9.0,0,610
0.9600813388824463,6.0,0.0,5.800000190734863,0.10000000149011612,0.06379695981740952,9.0,0,611
0.9600160121917725,6.0,0.0,5.900000095367432,0.10000000149011612,0.03545111417770386,9.0,0,612
0.9599506855010986,6.0,0.0,6.0,0.10000000149011612,0.019482459872961044,9.0,0,613
0.9598853588104248,6.0,0.0,6.099999904632568,0.10000000149011612,0.03202928230166435,9.0,0,614
0.9598199725151062,6.0,0.0,6.199999809265137,0.10000000149011612,0.06121440231800079,9.0,0,615
0.9597546458244324,6.0,0.0,6.300000190734863,0.10000000149011612,0.0026542667765170336,9.0,0,616
0.9596893191337585,6.0,0.0,6.400000095367432,0.10000000149011612,0.03666584566235542,9.0,0,617
0.9596239924430847,6.0,0.0,6.5,0.10000000149011612,0.03814268857240677,9.0,0,618
0.9595586657524109,6.0,0.0,6.599999904632568,0.10000000149011612,0.0025162158999592066,9.0,0,619
0.9594933390617371,6.0,0.0,6.699999809265137,0.10000000149011612,0.0031931849662214518,9.0,0,620
0.9594280123710632,6.0,0.0,6.800000190734863,0.10000000149011612,0.061466947197914124,9.0,0,621
0.9593626856803894,6.0,0.0,6.900000095367432,0.10000000149011612,0.010916727595031261,9.0,0,622
0.9592973589897156,6.0,0.0,7.0,0.10000000149011612,0.032039813697338104,9.0,0,623
0.959231972694397,6.0,0.0,7.099999904632568,0.10000000149011612,0.0049321530386805534,9.0,0,624
0.9591666460037231,6.0,0.0,7.199999809265137,0.10000000149011612,0.036438968032598495,9.0,0,625
0.9591013193130493,6.0,0.0,7.300000190734863,0.10000000149011612,0.003824446815997362,9.0,0,626
0.9590359926223755,6.0,0.0,7.400000095367432,0.10000000149011612,0.07121626287698746,9.0,0,627
0.9589706659317017,6.0,0.0,7.5,0.10000000149011612,0.03329978883266449,9.0,0,628
0.9589053392410278,6.0,0.0,7.599999904632568,0.10000000149011612,0.06160229817032814,9.0,0,629
0.958840012550354,6.0,0.0,7.699999809265137,0.10000000149011612,0.008247467689216137,9.0,0,630
0.9587746858596802,6.0,0.0,7.800000190734863,0.10000000149011612,0.010371286422014236,9.0,0,631
0.9587093591690063,6.0,0.0,7.900000095367432,0.10000000149011612,0.006437747273594141,9.0,0,632
0.9586439728736877,6.0,0.0,8.0,0.10000000149011612,0.030387062579393387,9.0,0,633
0.9585786461830139,6.0,0.0,8.100000381469727,0.10000000149011612,0.06316109746694565,9.0,0,634
0.9585133194923401,6.0,0.0,8.199999809265137,0.10000000149011612,0.03607412427663803,9.0,0,635
0.9584479928016663,6.0,0.0,8.300000190734863,0.10000000149011612,0.003148166462779045,9.0,0,636
0.9583826661109924,6.0,0.0,8.399999618530273,0.10000000149011612,0.003980663605034351,9.0,0,637
0.9583173394203186,6.0,0.0,8.5,0.10000000149011612,0.0038919607177376747,9.0,0,638
0.9582520127296448,6.0,0.0,8.600000381469727,0.10000000149011612,0.0393386036157608,9.0,0,639
0.958186686038971,6.0,0.0,8.699999809265137,0.10000000149011612,0.0666709914803505,9.0,0,640
0.9581213593482971,6.0,0.0,8.800000190734863,0.10000000149011612,0.004031945485621691,9.0,0,641
0.9580559730529785,6.0,0.0,8.899999618530273,0.10000000149011612,0.03794531896710396,9.0,0,642
0.9579906463623047,6.0,0.0,9.0,0.10000000149011612,0.033883046358823776,9.0,0,643
0.9579253196716309,6.0,0.0,9.100000381469727,0.10000000149011612,0.004060535226017237,9.0,0,644
0.957859992980957,6.0,0.0,9.199999809265137,0.10000000149011612,0.002729504369199276,9.0,0,645
0.9577946662902832,6.0,0.0,9.300000190734863,0.10000000149011612,0.03350575640797615,9.0,0,646
0.9577293395996094,6.0,0.0,9.399999618530273,0.10000000149011612,0.0022749295458197594,9.0,0,647
0.9576640129089355,6.0,0.0,9.5,0.10000000149011612,0.03686588257551193,9.0,0,648
0.9575986862182617,6.0,0.0,9.600000381469727,0.10000000149011612,0.0021118219010531902,9.0,0,649
0.9575333595275879,6.0,0.0,9.699999809265137,0.10000000149011612,0.003034974215552211,9.0,0,650
0.9574679732322693,6.0,0.0,9.800000190734863,0.10000000149011612,0.0012842252617701888,9.0,0,651
0.9574026465415955,6.0,0.0,9.899999618530273,0.10000000149011612,0.034300271421670914,9.0,0,652
0.9573373198509216,6.0,0.0,10.0,0.10000000149011612,0.002728617750108242,9.0,0,653
0.9572719931602478,6.0,0.0,9.0,-1.0,0.0022379672154784203,9.0,0,654
0.957206666469574,7.0,0.0,0.10000000149011612,0.10000000149011612,0.002544949296861887,9.0,0,655
0.9571413397789001,7.0,0.0,0.20000000298023224,0.10000000149011612,0.0014447381254285574,9.0,0,656
0.9570760130882263,7.0,0.0,0.30000001192092896,0.10000000149011612,0.002165895886719227,9.0,0,657
0.9570106863975525,7.0,0.0,0.4000000059604645,0.10000000149011612,0.0017526538576930761,9.0,0,658
0.9569453597068787,7.0,0.0,0.5,0.10000000149011612,0.03631973639130592,9.0,0,659
0.9568799734115601,7.0,0.0,0.6000000238418579,0.10000000149011612,0.002111261710524559,9.0,0,660
0.9568146467208862,7.0,0.0,0.699999988079071,0.10000000149011612,0.03649051859974861,9.0,0,661
0.9567493200302124,7.0,0.0,0.800000011920929,0.10000000149011612,0.004674841649830341,9.0,0,662
0.9566839933395386,7.0,0.0,0.8999999761581421,0.10000000149011612,0.003359714290127158,9.0,0,663
0.9566186666488647,7.0,0.0,1.0,0.10000000149011612,0.0010398807935416698,9.0,0,664
0.9565533399581909,7.0,0.0,1.100000023841858,0.10000000149011612,0.03586277365684509,9.0,0,665
0.9564880132675171,7.0,0.0,1.2000000476837158,0.10000000149011612,0.0018445089226588607,9.0,0,666
0.9564226865768433,7.0,0.0,1.2999999523162842,0.10000000149011612,0.0342923179268837,9.0,0,667
0.9563573598861694,7.0,0.0,1.399999976158142,0.10000000149011612,0.002216316293925047,9.0,0,668
0.9562919735908508,7.0,0.0,1.5,0.10000000149011612,0.002653433009982109,9.0,0,669
0.956226646900177,7.0,0.0,1.600000023841858,0.10000000149011612,0.03205924853682518,9.0,0,670
0.9561613202095032,7.0,0.0,1.7000000476837158,0.10000000149011612,0.03157737851142883,9.0,0,671
0.9560959935188293,7.0,0.0,1.7999999523162842,0.10000000149011612,0.0023694615811109543,9.0,0,672
0.9560306668281555,7.0,0.0,1.899999976158142,0.10000000149011612,0.033252086490392685,9.0,0,673
0.9559653401374817,7.0,0.0,2.0,0.10000000149011612,0.001228943350724876,9.0,0,674
0.9559000134468079,7.0,0.0,2.0999999046325684,0.10000000149011612,0.0350869819521904,9.0,0,675
0.955834686756134,7.0,0.0,2.200000047683716,0.10000000149011612,0.035163428634405136,9.0,0,676
0.9557693600654602,7.0,0.0,2.299999952316284,0.10000000149011612,0.031902071088552475,9.0,0,677
0.9557039737701416,7.0,0.0,2.4000000953674316,0.10000000149011612,0.0021282429806888103,9.0,0,678
0.9556386470794678,7.0,0.0,2.5,0.10000000149011612,0.030988136306405067,9.0,0,679
0.955573320388794,7.0,0.0,2.5999999046325684,0.10000000149011612,0.0341191366314888,9.0,0,680
0.9555079936981201,7.0,0.0,2.700000047683716,0.10000000149011612,0.0027318387292325497,9.0,0,681
0.9554426670074463,7.0,0.0,2.799999952316284,0.10000000149011612,0.00241844542324543,9.0,0,682
0.9553773403167725,7.0,0.0,2.9000000953674316,0.10000000149011612,0.034193720668554306,9.0,0,683
0.9553120136260986,7.0,0.0,3.0,0.10000000149011612,0.0010710533242672682,9.0,0,684
0.9552466869354248,7.0,0.0,3.0999999046325684,0.10000000149011612,0.0017145045567303896,9.0,0,685
0.955181360244751,7.0,0.0,3.200000047683716,0.10000000149011612,0.030540544539690018,9.0,0,686
0.9551159739494324,7.0,0.0,3.299999952316284,0.10000000149011612,0.06115344911813736,9.0,0,687
0.9550506472587585,7.0,0.0,3.4000000953674316,0.10000000149011612,0.03250395879149437,9.0,0,688
0.9549853205680847,7.0,0.0,3.5,0.10000000149011612,0.00487628486007452,9.0,0,689
0.9549199938774109,7.0,0.0,3.5999999046325684,0.10000000149011612,0.0032778724562376738,9.0,0,690
0.9548546671867371,7.0,0.0,3.700000047683716,0.10000000149011612,0.03446928784251213,9.0,0,691
0.9547893404960632,7.0,0.0,3.799999952316284,0.10000000149011612,0.002705320483073592,9.0,0,692
0.9547240138053894,7.0,0.0,3.9000000953674316,0.10000000149011612,0.0028844550251960754,9.0,0,693
0.9546586871147156,7.0,0.0,4.0,0.10000000149011612,0.003068444784730673,9.0,0,694
0.9545933604240417,7.0,0.0,4.099999904632568,0.10000000149011612,0.03179566189646721,9.0,0,695
0.9545279741287231,7.0,0.0,4.199999809265137,0.10000000149011612,0.0027680080384016037,9.0,0,696
0.9544626474380493,7.0,0.0,4.300000190734863,0.10000000149011612,0.004947656765580177,9.0,0,697
0.9543973207473755,7.0,0.0,4.400000095367432,0.10000000149011612,0.0026384154334664345,9.0,0,698
0.9543319940567017,7.0,0.0,4.5,0.10000000149011612,0.0021065801847726107,9.0,0,699
0.9542666673660278,7.0,0.0,4.599999904632568,0.10000000149011612,0.0021191849373281,9.0,0,700
0.954201340675354,7.0,0.0,4.699999809265137,0.10000000149011612,0.03464224934577942,9.0,0,701
0.9541360139846802,7.0,0.0,4.800000190734863,0.10000000149011612,0.06257554888725281,9.0,0,702
0.9540706872940063,7.0,0.0,4.900000095367432,0.10000000149011612,0.0029264502227306366,9.0,0,703
0.9540053606033325,7.0,0.0,5.0,0.10000000149011612,0.031438060104846954,9.0,0,704
0.9539399743080139,7.0,0.0,5.099999904632568,0.10000000149011612,0.005999258253723383,9.0,0,705
0.9538746476173401,7.0,0.0,5.199999809265137,0.10000000149011612,0.030595559626817703,9.0,0,706
0.9538093209266663,7.0,0.0,5.300000190734863,0.10000000149011612,0.07240159809589386,9.0,0,707
0.9537439942359924,7.0,0.0,5.400000095367432,0.10000000149011612,0.0016286770114675164,9.0,0,708
0.9536786675453186,7.0,0.0,5.5,0.10000000149011612,0.03588966652750969,9.0,0,709
0.9536133408546448,7.0,0.0,5.599999904632568,0.10000000149011612,0.0035978970117866993,9.0,0,710
0.953548014163971,7.0,0.0,5.699999809265137,0.10000000149011612,0.031365592032670975,9.0,0,711
0.9534826874732971,7.0,0.0,5.800000190734863,0.10000000149011612,0.03419315069913864,9.0,0,712
0.9534173607826233,7.0,0.0,5.900000095367432,0.10000000149011612,0.0029639392159879208,9.0,0,713
0.9533519744873047,7.0,0.0,6.0,0.10000000149011612,0.032041359692811966,9.0,0,714
0.9532866477966309,7.0,0.0,6.099999904632568,0.10000000149011612,0.0338018536567688,9.0,0,715
0.953221321105957,7.0,0.0,6.199999809265137,0.10000000149011612,0.003225333523005247,9.0,0,716
0.9531559944152832,7.0,0.0,6.300000190734863,0.10000000149011612,0.03487170487642288,9.0,0,717
0.9530906677246094,7.0,0.0,6.400000095367432,0.10000000149011612,0.06683230400085449,9.0,0,718
0.9530253410339355,7.0,0.0,6.5,0.10000000149011612,0.034519754350185394,9.0,0,719
0.9529600143432617,7.0,0.0,6.599999904632568,0.10000000149011612,0.03339005634188652,9.0,0,720
0.9528946876525879,7.0,0.0,6.699999809265137,0.10000000149011612,0.003181609557941556,9.0,0,721
0.9528293609619141,7.0,0.0,6.800000190734863,0.10000000149011612,0.03178361430764198,9.0,0,722
0.9527639746665955,7.0,0.0,6.900000095367432,0.10000000149011612,0.06253664195537567,9.0,0,723
0.9526986479759216,7.0,0.0,7.0,0.10000000149011612,0.0034060340840369463,9.0,0,724
0.9526333212852478,7.0,0.0,7.099999904632568,0.10000000149011612,0.0299502182751894,9.0,0,725
0.952567994594574,7.0,0.0,7.199999809265137,0.10000000149011612,0.08764816075563431,9.0,0,726
0.9525026679039001,7.0,0.0,7.300000190734863,0.10000000149011612,0.06342688202857971,9.0,0,727
0.9524373412132263,7.0,0.0,7.400000095367432,0.10000000149011612,0.03993761166930199,9.0,0,728
0.9523720145225525,7.0,0.0,7.5,0.10000000149011612,0.035043153911828995,9.0,0,729
0.9523066878318787,7.0,0.0,7.599999904632568,0.10000000149011612,0.03481801971793175,9.0,0,730
0.9522413611412048,7.0,0.0,7.699999809265137,0.10000000149011612,0.008410664275288582,9.0,0,731
0.9521759748458862,7.0,0.0,7.800000190734863,0.10000000149011612,0.007810765877366066,9.0,0,732
0.9521106481552124,7.0,0.0,7.900000095367432,0.10000000149011612,0.03436580300331116,9.0,0,733
0.9520453214645386,7.0,0.0,8.0,0.10000000149011612,0.005021726246923208,9.0,0,734
0.9519799947738647,7.0,0.0,8.100000381469727,0.10000000149011612,0.008631997741758823,9.0,0,735
0.9519146680831909,7.0,0.0,8.199999809265137,0.10000000149011612,0.004217294976115227,9.0,0,736
0.9518493413925171,7.0,0.0,8.300000190734863,0.10000000149011612,0.0052617560140788555,9.0,0,737
0.9517840147018433,7.0,0.0,8.399999618530273,0.10000000149011612,0.00489989947527647,9.0,0,738
0.9517186880111694,7.0,0.0,8.5,0.10000000149011612,0.033787522464990616,9.0,0,739
0.9516533613204956,7.0,0.0,8.600000381469727,0.10000000149011612,0.032097965478897095,9.0,0,740
0.951587975025177,7.0,0.0,8.699999809265137,0.10000000149011612,0.031760573387145996,9.0,0,741
0.9515226483345032,7.0,0.0,8.800000190734863,0.10000000149011612,0.007529465481638908,9.0,0,742
0.9514573216438293,7.0,0.0,8.899999618530273,0.10000000149011612,0.0329216830432415,9.0,0,743
0.9513919949531555,7.0,0.0,9.0,0.10000000149011612,0.0023547224700450897,9.0,0,744
0.9513266682624817,7.0,0.0,9.100000381469727,0.10000000149011612,0.03314667195081711,9.0,0,745
0.9512613415718079,7.0,0.0,9.199999809265137,0.10000000149011612,0.03930334001779556,9.0,0,746
0.951196014881134,7.0,0.0,9.300000190734863,0.10000000149011612,0.03363707661628723,9.0,0,747
0.9511306881904602,7.0,0.0,9.399999618530273,0.10000000149011612,0.061717089265584946,9.0,0,748
0.9510653614997864,7.0,0.0,9.5,0.10000000149011612,0.006740975193679333,9.0,0,749
0.9509999752044678,7.0,0.0,9.600000381469727,0.10000000149011612,0.010522458702325821,9.0,0,750
0.950934648513794,7.0,0.0,9.699999809265137,0.10000000149011612,0.0047544497065246105,9.0,0,751
0.9508693218231201,7.0,0.0,9.800000190734863,0.10000000149011612,0.031596019864082336,9.0,0,752
0.9508039951324463,7.0,0.0,9.899999618530273,0.10000000149011612,0.00284744193777442,9.0,0,753
0.9507386684417725,7.0,0.0,10.0,0.10000000149011612,0.0030616470612585545,9.0,0,754
0.9506733417510986,7.0,0.0,9.0,-1.0,0.0026104070711880922,9.0,0,755
0.9506080150604248,8.0,0.0,0.10000000149011612,0.10000000149011612,0.03685471788048744,9.0,0,756
0.950542688369751,8.0,0.0,0.20000000298023224,0.10000000149011612,0.0021681778598576784,9.0,0,757
0.9504773616790771,8.0,0.0,0.30000001192092896,0.10000000149011612,0.0645197182893753,9.0,0,758
0.9504119753837585,8.0,0.0,0.4000000059604645,0.10000000149011612,0.09364423900842667,9.0,0,759
0.9503466486930847,8.0,0.0,0.5,0.10000000149011612,0.013181203976273537,9.0,0,760
0.9502813220024109,8.0,0.0,0.6000000238418579,0.10000000149011612,0.036783456802368164,9.0,0,761
0.9502159953117371,8.0,0.0,0.699999988079071,0.10000000149011612,0.0030562756583094597,9.0,0,762
0.9501506686210632,8.0,0.0,0.800000011920929,0.10000000149011612,0.004227289929986,9.0,0,763
0.9500853419303894,8.0,0.0,0.8999999761581421,0.10000000149011612,0.0036541959270834923,9.0,0,764
0.9500200152397156,8.0,0.0,1.0,0.10000000149011612,0.0051167551428079605,9.0,0,765
0.9499546885490417,8.0,0.0,1.100000023841858,0.10000000149011612,0.03284261375665665,9.0,0,766
0.9498893618583679,8.0,0.0,1.2000000476837158,0.10000000149011612,0.002935295458883047,9.0,0,767
0.9498239755630493,8.0,0.0,1.2999999523162842,0.10000000149011612,0.03107108362019062,9.0,0,768
0.9497586488723755,8.0,0.0,1.399999976158142,0.10000000149011612,0.06957869231700897,9.0,0,769
0.9496933221817017,8.0,0.0,1.5,0.10000000149011612,0.03842303529381752,9.0,0,770
0.9496279954910278,8.0,0.0,1.600000023841858,0.10000000149011612,0.0051903752610087395,9.0,0,771
0.949562668800354,8.0,0.0,1.7000000476837158,0.10000000149011612,0.03337850421667099,9.0,0,772
0.9494973421096802,8.0,0.0,1.7999999523162842,0.10000000149011612,0.003382765920832753,9.0,0,773
0.9494320154190063,8.0,0.0,1.899999976158142,0.10000000149011612,0.00261683645658195,9.0,0,774
0.9493666887283325,8.0,0.0,2.0,0.10000000149011612,0.03885370492935181,9.0,0,775
0.9493013620376587,8.0,0.0,2.0999999046325684,0.10000000149011612,0.002722762292250991,9.0,0,776
0.9492359757423401,8.0,0.0,2.200000047683716,0.10000000149011612,0.06273289024829865,9.0,0,777
0.9491706490516663,8.0,0.0,2.299999952316284,0.10000000149011612,0.004697049502283335,9.0,0,778
0.9491053223609924,8.0,0.0,2.4000000953674316,0.10000000149011612,0.031210456043481827,9.0,0,779
0.9490399956703186,8.0,0.0,2.5,0.10000000149011612,0.005174870602786541,9.0,0,780
0.9489746689796448,8.0,0.0,2.5999999046325684,0.10000000149011612,0.003182589542120695,9.0,0,781
0.948909342288971,8.0,0.0,2.700000047683716,0.10000000149011612,0.03608839586377144,9.0,0,782
0.9488440155982971,8.0,0.0,2.799999952316284,0.10000000149011612,0.0027297851629555225,9.0,0,783
0.9487786889076233,8.0,0.0,2.9000000953674316,0.10000000149011612,0.09696026146411896,9.0,0,784
0.9487133622169495,8.0,0.0,3.0,0.10000000149011612,0.030613357201218605,9.0,0,785
0.9486479759216309,8.0,0.0,3.0999999046325684,0.10000000149011612,0.056470900774002075,9.0,0,786
0.948582649230957,8.0,0.0,3.200000047683716,0.10000000149011612,0.013164017349481583,9.0,0,787
0.9485173225402832,8.0,0.0,3.299999952316284,0.10000000149011612,0.010599955916404724,9.0,0,788
0.9484519958496094,8.0,0.0,3.4000000953674316,0.10000000149011612,0.00957300141453743,9.0,0,789
0.9483866691589355,8.0,0.0,3.5,0.10000000149011612,0.03384246677160263,9.0,0,790
0.9483213424682617,8.0,0.0,3.5999999046325684,0.10000000149011612,0.04959690943360329,9.0,0,791
0.9482560157775879,8.0,0.0,3.700000047683716,0.10000000149011612,0.0351690948009491,9.0,0,792
0.9481906890869141,8.0,0.0,3.799999952316284,0.10000000149011612,0.004216774832457304,9.0,0,793
0.9481253623962402,8.0,0.0,3.9000000953674316,0.10000000149011612,0.05613791197538376,9.0,0,794
0.9480599761009216,8.0,0.0,4.0,0.10000000149011612,0.037361640483140945,9.0,0,795
0.9479946494102478,8.0,0.0,4.099999904632568,0.10000000149011612,0.06193293631076813,9.0,0,796
0.947929322719574,8.0,0.0,4.199999809265137,0.10000000149011612,0.03559130057692528,9.0,0,797
0.9478639960289001,8.0,0.0,4.300000190734863,0.10000000149011612,0.006700163707137108,9.0,0,798
0.9477986693382263,8.0,0.0,4.400000095367432,0.10000000149011612,0.0019860081374645233,9.0,0,799
0.9477333426475525,8.0,0.0,4.5,0.10000000149011612,0.03360844403505325,9.0,0,800
0.9476680159568787,8.0,0.0,4.599999904632568,0.10000000149011612,0.005967250093817711,9.0,0,801
0.9476026892662048,8.0,0.0,4.699999809265137,0.10000000149011612,0.06636721640825272,9.0,0,802
0.947537362575531,8.0,0.0,4.800000190734863,0.10000000149011612,0.0024432935751974583,9.0,0,803
0.9474719762802124,8.0,0.0,4.900000095367432,0.10000000149011612,0.005916034337133169,9.0,0,804
0.9474066495895386,8.0,0.0,5.0,0.10000000149011612,0.006752439774572849,9.0,0,805
0.9473413228988647,8.0,0.0,5.099999904632568,0.10000000149011612,0.008097854442894459,9.0,0,806
0.9472759962081909,8.0,0.0,5.199999809265137,0.10000000149011612,0.03097287192940712,9.0,0,807
0.9472106695175171,8.0,0.0,5.300000190734863,0.10000000149011612,0.0007588008884340525,9.0,0,808
0.9471453428268433,8.0,0.0,5.400000095367432,0.10000000149011612,0.03834012523293495,9.0,0,809
0.9470800161361694,8.0,0.0,5.5,0.10000000149011612,0.004983929451555014,9.0,0,810
0.9470146894454956,8.0,0.0,5.599999904632568,0.10000000149011612,0.06561198830604553,9.0,0,811
0.9469493627548218,8.0,0.0,5.699999809265137,0.10000000149011612,0.029730841517448425,9.0,0,812
0.9468839764595032,8.0,0.0,5.800000190734863,0.10000000149011612,0.036715660244226456,9.0,0,813
0.9468186497688293,8.0,0.0,5.900000095367432,0.10000000149011612,0.008448615670204163,9.0,0,814
0.9467533230781555,8.0,0.0,6.0,0.10000000149011612,0.009797820821404457,9.0,0,815
0.9466879963874817,8.0,0.0,6.099999904632568,0.10000000149011612,0.010548369027674198,9.0,0,816
0.9466226696968079,8.0,0.0,6.199999809265137,0.10000000149011612,0.03809282183647156,9.0,0,817
0.946557343006134,8.0,0.0,6.300000190734863,0.10000000149011612,0.0015716550406068563,9.0,0,818
0.9464920163154602,8.0,0.0,6.400000095367432,0.10000000149011612,0.03494418412446976,9.0,0,819
0.9464266896247864,8.0,0.0,6.5,0.10000000149011612,0.0037504129577428102,9.0,0,820
0.9463613629341125,8.0,0.0,6.599999904632568,0.10000000149011612,0.0017791215796023607,9.0,0,821
0.946295976638794,8.0,0.0,6.699999809265137,0.10000000149011612,0.06657484918832779,9.0,0,822
0.9462306499481201,8.0,0.0,6.800000190734863,0.10000000149011612,0.0029724054038524628,9.0,0,823
0.9461653232574463,8.0,0.0,6.900000095367432,0.10000000149011612,0.006917238235473633,9.0,0,824
0.9460999965667725,8.0,0.0,7.0,0.10000000149011612,0.06597007811069489,9.0,0,825
0.9460346698760986,8.0,0.0,7.099999904632568,0.10000000149011612,0.004066217225044966,9.0,0,826
0.9459693431854248,8.0,0.0,7.199999809265137,0.10000000149011612,0.0022033951245248318,9.0,0,827
0.945904016494751,8.0,0.0,7.300000190734863,0.10000000149011612,0.0015324139967560768,9.0,0,828
0.9458386898040771,8.0,0.0,7.400000095367432,0.10000000149011612,0.1059672012925148,9.0,0,829
0.9457733631134033,8.0,0.0,7.5,0.10000000149011612,0.0014198155840858817,9.0,0,830
0.9457079768180847,8.0,0.0,7.599999904632568,0.10000000149011612,0.06220903620123863,9.0,0,831
0.9456426501274109,8.0,0.0,7.699999809265137,0.10000000149011612,0.002541300840675831,9.0,0,832
0.9455773234367371,8.0,0.0,7.800000190734863,0.10000000149011612,0.004551995545625687,9.0,0,833
0.9455119967460632,8.0,0.0,7.900000095367432,0.10000000149011612,0.005381448194384575,9.0,0,834
0.9454466700553894,8.0,0.0,8.0,0.10000000149011612,0.0032169311307370663,9.0,0,835
0.9453813433647156,8.0,0.0,8.100000381469727,0.10000000149011612,0.033876240253448486,9.0,0,836
0.9453160166740417,8.0,0.0,8.199999809265137,0.10000000149011612,0.002102899830788374,9.0,0,837
0.9452506899833679,8.0,0.0,8.300000190734863,0.10000000149011612,0.03609895333647728,9.0,0,838
0.9451853036880493,8.0,0.0,8.399999618530273,0.10000000149011612,0.0020066951401531696,9.0,0,839
0.9451199769973755,8.0,0.0,8.5,0.10000000149011612,0.001959627727046609,9.0,0,840
0.9450546503067017,8.0,0.0,8.600000381469727,0.10000000149011612,0.002978784963488579,9.0,0,841
0.9449893236160278,8.0,0.0,8.699999809265137,0.10000000149011612,0.029635049402713776,9.0,0,842
0.944923996925354,8.0,0.0,8.800000190734863,0.10000000149011612,0.03444872051477432,9.0,0,843
0.9448586702346802,8.0,0.0,8.899999618530273,0.10000000149011612,0.0033424897119402885,9.0,0,844
0.9447933435440063,8.0,0.0,9.0,0.10000000149011612,0.002931385999545455,9.0,0,845
0.9447280168533325,8.0,0.0,9.100000381469727,0.10000000149011612,0.02997507154941559,9.0,0,846
0.9446626901626587,8.0,0.0,9.199999809265137,0.10000000149011612,0.03460171818733215,9.0,0,847
0.9445973038673401,8.0,0.0,9.300000190734863,0.10000000149011612,0.033361345529556274,9.0,0,848
0.9445319771766663,8.0,0.0,9.399999618530273,0.10000000149011612,0.03433793783187866,9.0,0,849
0.9444666504859924,8.0,0.0,9.5,0.10000000149011612,0.029085673391819,9.0,0,850
0.9444013237953186,8.0,0.0,9.600000381469727,0.10000000149011612,0.03435381501913071,9.0,0,851
0.9443359971046448,8.0,0.0,9.699999809265137,0.10000000149011612,0.0023061539977788925,9.0,0,852
0.944270670413971,8.0,0.0,9.800000190734863,0.10000000149011612,0.0031524328514933586,9.0,0,853
0.9442053437232971,8.0,0.0,9.899999618530273,0.10000000149011612,0.0016276887618005276,9.0,0,854
0.9441400170326233,8.0,0.0,10.0,0.10000000149011612,0.030865292996168137,9.0,0,855
0.9440746903419495,8.0,0.0,9.0,-1.0,0.002768459962680936,9.0,0,856
0.9440093040466309,9.0,0.0,0.10000000149011612,0.10000000149011612,0.0024124360643327236,9.0,0,857
0.943943977355957,9.0,0.0,0.20000000298023224,0.10000000149011612,0.03358973562717438,9.0,0,858
0.9438786506652832,9.0,0.0,0.30000001192092896,0.10000000149011612,0.0017635280964896083,9.0,0,859
0.9438133239746094,9.0,0.0,0.4000000059604645,0.10000000149011612,0.03259750083088875,9.0,0,860
0.9437479972839355,9.0,0.0,0.5,0.10000000149011612,0.03415829315781593,9.0,0,861
0.9436826705932617,9.0,0.0,0.6000000238418579,0.10000000149011612,0.0022691325284540653,9.0,0,862
0.9436173439025879,9.0,0.0,0.699999988079071,0.10000000149011612,0.03104759007692337,9.0,0,863
0.9435520172119141,9.0,0.0,0.800000011920929,0.10000000149011612,0.004043925553560257,9.0,0,864
0.9434866905212402,9.0,0.0,0.8999999761581421,0.10000000149011612,0.0025461455807089806,9.0,0,865
0.9434213042259216,9.0,0.0,1.0,0.10000000149011612,0.002174200490117073,9.0,0,866
0.9433559775352478,9.0,0.0,1.100000023841858,0.10000000149011612,0.002686186693608761,9.0,0,867
0.943290650844574,9.0,0.0,1.2000000476837158,0.10000000149011612,0.03614481911063194,9.0,0,868
0.9432253241539001,9.0,0.0,1.2999999523162842,0.10000000149011612,0.0017561211716383696,9.0,0,869
0.9431599974632263,9.0,0.0,1.399999976158142,0.10000000149011612,0.09211798012256622,9.0,0,870
0.9430946707725525,9.0,0.0,1.5,0.10000000149011612,0.0047624059952795506,9.0,0,871
0.9430293440818787,9.0,0.0,1.600000023841858,0.10000000149011612,0.037729084491729736,9.0,0,872
0.9429640173912048,9.0,0.0,1.7000000476837158,0.10000000149011612,0.037221986800432205,9.0,0,873
0.942898690700531,9.0,0.0,1.7999999523162842,0.10000000149011612,0.03393489867448807,9.0,0,874
0.9428333044052124,9.0,0.0,1.899999976158142,0.10000000149011612,0.03117924928665161,9.0,0,875
0.9427679777145386,9.0,0.0,2.0,0.10000000149011612,0.0015491369413211942,9.0,0,876
0.9427026510238647,9.0,0.0,2.0999999046325684,0.10000000149011612,0.0682944506406784,9.0,0,877
0.9426373243331909,9.0,0.0,2.200000047683716,0.10000000149011612,0.03485995531082153,9.0,0,878
0.9425719976425171,9.0,0.0,2.299999952316284,0.10000000149011612,0.0010440906044095755,9.0,0,879
0.9425066709518433,9.0,0.0,2.4000000953674316,0.10000000149011612,0.03219732642173767,9.0,0,880
0.9424413442611694,9.0,0.0,2.5,0.10000000149011612,0.03219611197710037,9.0,0,881
0.9423760175704956,9.0,0.0,2.5999999046325684,0.10000000149011612,0.0312589667737484,9.0,0,882
0.9423106908798218,9.0,0.0,2.700000047683716,0.10000000149011612,0.0031174463219940662,9.0,0,883
0.9422453045845032,9.0,0.0,2.799999952316284,0.10000000149011612,0.05961665138602257,9.0,0,884
0.9421799778938293,9.0,0.0,2.9000000953674316,0.10000000149011612,0.0024543367326259613,9.0,0,885
0.9421146512031555,9.0,0.0,3.0,0.10000000149011612,0.03274748474359512,9.0,0,886
0.9420493245124817,9.0,0.0,3.0999999046325684,0.10000000149011612,0.031264133751392365,9.0,0,887
0.9419839978218079,9.0,0.0,3.200000047683716,0.10000000149011612,0.004114813171327114,9.0,0,888
0.941918671131134,9.0,0.0,3.299999952316284,0.10000000149011612,0.004488423001021147,9.0,0,889
0.9418533444404602,9.0,0.0,3.4000000953674316,0.10000000149011612,0.029233669862151146,9.0,0,890
0.9417880177497864,9.0,0.0,3.5,0.10000000149011612,0.030035480856895447,9.0,0,891
0.9417226910591125,9.0,0.0,3.5999999046325684,0.10000000149011612,0.0036946511827409267,9.0,0,892
0.941657304763794,9.0,0.0,3.700000047683716,0.10000000149011612,0.001770990202203393,9.0,0,893
0.9415919780731201,9.0,0.0,3.799999952316284,0.10000000149011612,0.03175114095211029,9.0,0,894
0.9415266513824463,9.0,0.0,3.9000000953674316,0.10000000149011612,0.0964149534702301,9.0,0,895
0.9414613246917725,9.0,0.0,4.0,0.10000000149011612,0.004997268319129944,9.0,0,896
0.9413959980010986,9.0,0.0,4.099999904632568,0.10000000149011612,0.0038162015844136477,9.0,0,897
0.9413306713104248,9.0,0.0,4.199999809265137,0.10000000149011612,0.03223555162549019,9.0,0,898
0.941265344619751,9.0,0.0,4.300000190734863,0.10000000149011612,0.002802627393975854,9.0,0,899
0.9412000179290771,9.0,0.0,4.400000095367432,0.10000000149011612,0.031742580235004425,9.0,0,900
0.9411346912384033,9.0,0.0,4.5,0.10000000149011612,0.033537935465574265,9.0,0,901
0.9410693049430847,9.0,0.0,4.599999904632568,0.10000000149011612,0.03251053765416145,9.0,0,902
0.9410039782524109,9.0,0.0,4.699999809265137,0.10000000149011612,0.004699915647506714,9.0,0,903
0.9409386515617371,9.0,0.0,4.800000190734863,0.10000000149011612,0.0029809754341840744,9.0,0,904
0.9408733248710632,9.0,0.0,4.900000095367432,0.10000000149011612,0.030281078070402145,9.0,0,905
0.9408079981803894,9.0,0.0,5.0,0.10000000149011612,0.03173662722110748,9.0,0,906
0.9407426714897156,9.0,0.0,5.099999904632568,0.10000000149011612,0.029725583270192146,9.0,0,907
0.9406773447990417,9.0,0.0,5.199999809265137,0.10000000149011612,0.0033152131363749504,9.0,0,908
0.9406120181083679,9.0,0.0,5.300000190734863,0.10000000149011612,0.00199846550822258,9.0,0,909
0.9405466914176941,9.0,0.0,5.400000095367432,0.10000000149011612,0.0018548299558460712,9.0,0,910
0.9404813051223755,9.0,0.0,5.5,0.10000000149011612,0.06096769496798515,9.0,0,911
0.9404159784317017,9.0,0.0,5.599999904632568,0.10000000149011612,0.03525395318865776,9.0,0,912
0.9403506517410278,9.0,0.0,5.699999809265137,0.10000000149011612,0.02739637903869152,9.0,0,913
0.940285325050354,9.0,0.0,5.800000190734863,0.10000000149011612,0.0043576001189649105,9.0,0,914
0.9402199983596802,9.0,0.0,5.900000095367432,0.10000000149011612,0.0026599946431815624,9.0,0,915
0.9401546716690063,9.0,0.0,6.0,0.10000000149011612,0.00373839121311903,9.0,0,916
0.9400893449783325,9.0,0.0,6.099999904632568,0.10000000149011612,0.003930208273231983,9.0,0,917
0.9400240182876587,9.0,0.0,6.199999809265137,0.10000000149011612,0.034362614154815674,9.0,0,918
0.9399586915969849,9.0,0.0,6.300000190734863,0.10000000149011612,0.0017973976209759712,9.0,0,919
0.9398933053016663,9.0,0.0,6.400000095367432,0.10000000149011612,0.029795847833156586,9.0,0,920
0.9398279786109924,9.0,0.0,6.5,0.10000000149011612,0.06627300381660461,9.0,0,921
0.9397626519203186,9.0,0.0,6.599999904632568,0.10000000149011612,0.008662646636366844,9.0,0,922
0.9396973252296448,9.0,0.0,6.699999809265137,0.10000000149011612,0.004746180959045887,9.0,0,923
0.939631998538971,9.0,0.0,6.800000190734863,0.10000000149011612,0.08701757341623306,9.0,0,924
0.9395666718482971,9.0,0.0,6.900000095367432,0.10000000149011612,0.004400983918458223,9.0,0,925
0.9395013451576233,9.0,0.0,7.0,0.10000000149011612,0.03272711858153343,9.0,0,926
0.9394360184669495,9.0,0.0,7.099999904632568,0.10000000149011612,0.03408309817314148,9.0,0,927
0.9393706917762756,9.0,0.0,7.199999809265137,0.10000000149011612,0.0030018887482583523,9.0,0,928
0.939305305480957,9.0,0.0,7.300000190734863,0.10000000149011612,0.033429861068725586,9.0,0,929
0.9392399787902832,9.0,0.0,7.400000095367432,0.10000000149011612,0.0022338293492794037,9.0,0,930
0.9391746520996094,9.0,0.0,7.5,0.10000000149011612,0.0037235061172395945,9.0,0,931
0.9391093254089355,9.0,0.0,7.599999904632568,0.10000000149011612,0.002954766619950533,9.0,0,932
0.9390439987182617,9.0,0.0,7.699999809265137,0.10000000149011612,0.03357139602303505,9.0,0,933
0.9389786720275879,9.0,0.0,7.800000190734863,0.10000000149011612,0.0021596443839371204,9.0,0,934
0.9389133453369141,9.0,0.0,7.900000095367432,0.10000000149011612,0.0011383749078959227,9.0,0,935
0.9388480186462402,9.0,0.0,8.0,0.10000000149011612,0.12509769201278687,9.0,0,936
0.9387826919555664,9.0,0.0,8.100000381469727,0.10000000149011612,0.006368802394717932,9.0,0,937
0.9387173056602478,9.0,0.0,8.199999809265137,0.10000000149011612,0.08348264545202255,9.0,0,938
0.938651978969574,9.0,0.0,8.300000190734863,0.10000000149011612,0.008417602628469467,9.0,0,939
0.9385866522789001,9.0,0.0,8.399999618530273,0.10000000149011612,0.03310249373316765,9.0,0,940
0.9385213255882263,9.0,0.0,8.5,0.10000000149011612,0.004974836483597755,9.0,0,941
0.9384559988975525,9.0,0.0,8.600000381469727,0.10000000149011612,0.0036868310999125242,9.0,0,942
0.9383906722068787,9.0,0.0,8.699999809265137,0.10000000149011612,0.04418196901679039,9.0,0,943
0.9383253455162048,9.0,0.0,8.800000190734863,0.10000000149011612,0.0025770911015570164,9.0,0,944
0.938260018825531,9.0,0.0,8.899999618530273,0.10000000149011612,0.003219088539481163,9.0,0,945
0.9381946921348572,9.0,0.0,9.0,0.10000000149011612,0.0022682445123791695,9.0,0,946
0.9381293058395386,9.0,0.0,9.100000381469727,0.10000000149011612,0.03377215564250946,9.0,0,947
0.9380639791488647,9.0,0.0,9.199999809265137,0.10000000149011612,0.006810521706938744,9.0,0,948
0.9379986524581909,9.0,0.0,9.300000190734863,0.10000000149011612,0.006941074505448341,9.0,0,949
0.9379333257675171,9.0,0.0,9.399999618530273,0.10000000149011612,0.0032913449686020613,9.0,0,950
0.9378679990768433,9.0,0.0,9.5,0.10000000149011612,0.006025351583957672,9.0,0,951
0.9378026723861694,9.0,0.0,9.600000381469727,0.10000000149011612,0.0032386782113462687,9.0,0,952
0.9377373456954956,9.0,0.0,9.699999809265137,0.10000000149011612,0.035972099751234055,9.0,0,953
0.9376720190048218,9.0,0.0,9.800000190734863,0.10000000149011612,0.03216667100787163,9.0,0,954
0.937606692314148,9.0,0.0,9.899999618530273,0.10000000149011612,0.003289816901087761,9.0,0,955
0.9375413060188293,9.0,0.0,10.0,0.10000000149011612,0.007148301228880882,9.0,0,956
0.9374759793281555,9.0,0.0,9.0,-1.0,0.004156641196459532,9.0,0,957
0.9374106526374817,10.0,0.0,0.10000000149011612,0.10000000149011612,0.001866489532403648,9.0,0,958
0.9373453259468079,10.0,0.0,0.20000000298023224,0.10000000149011612,0.0016146870329976082,9.0,0,959
0.937279999256134,10.0,0.0,0.30000001192092896,0.10000000149011612,0.04024207592010498,9.0,0,960
0.9372146725654602,10.0,0.0,0.4000000059604645,0.10000000149011612,0.0026500755921006203,9.0,0,961
0.9371493458747864,10.0,0.0,0.5,0.10000000149011612,0.03205331414937973,9.0,0,962
0.9370840191841125,10.0,0.0,0.6000000238418579,0.10000000149011612,0.0018469684291630983,9.0,0,963
0.9370186924934387,10.0,0.0,0.699999988079071,0.10000000149011612,0.003440504427999258,9.0,0,964
0.9369533061981201,10.0,0.0,0.800000011920929,0.10000000149011612,0.0025332816876471043,9.0,0,965
0.9368879795074463,10.0,0.0,0.8999999761581421,0.10000000149011612,0.0021250704303383827,9.0,0,966
0.9368226528167725,10.0,0.0,1.0,0.10000000149011612,0.0013006932567805052,9.0,0,967
0.9367573261260986,10.0,0.0,1.100000023841858,0.10000000149011612,0.0009417410474270582,9.0,0,968
0.9366919994354248,10.0,0.0,1.2000000476837158,0.10000000149011612,0.03441925346851349,9.0,0,969
0.936626672744751,10.0,0.0,1.2999999523162842,0.10000000149011612,0.0011694300919771194,9.0,0,970
0.9365613460540771,10.0,0.0,1.399999976158142,0.10000000149011612,0.13584911823272705,9.0,0,971
0.9364960193634033,10.0,0.0,1.5,0.10000000149011612,0.0022094878368079662,9.0,0,972
0.9364306926727295,10.0,0.0,1.600000023841858,0.10000000149011612,0.005783297121524811,9.0,0,973
0.9363653063774109,10.0,0.0,1.7000000476837158,0.10000000149011612,0.03837074339389801,9.0,0,974
0.9362999796867371,10.0,0.0,1.7999999523162842,0.10000000149011612,0.03648382052779198,9.0,0,975
0.9362346529960632,10.0,0.0,1.899999976158142,0.10000000149011612,0.004159980453550816,9.0,0,976
0.9361693263053894,10.0,0.0,2.0,0.10000000149011612,0.0026074452325701714,9.0,0,977
0.9361039996147156,10.0,0.0,2.0999999046325684,0.10000000149011612,0.002150955144315958,9.0,0,978
0.9360386729240417,10.0,0.0,2.200000047683716,0.10000000149011612,0.039738595485687256,9.0,0,979
0.9359733462333679,10.0,0.0,2.299999952316284,0.10000000149011612,0.002856671344488859,9.0,0,980
0.9359080195426941,10.0,0.0,2.4000000953674316,0.10000000149011612,0.03199775516986847,9.0,0,981
0.9358426928520203,10.0,0.0,2.5,0.10000000149011612,0.0663483738899231,9.0,0,982
0.9357773065567017,10.0,0.0,2.5999999046325684,0.10000000149011612,0.005820940248668194,9.0,0,983
0.9357119798660278,10.0,0.0,2.700000047683716,0.10000000149011612,0.010180963203310966,9.0,0,984
0.935646653175354,10.0,0.0,2.799999952316284,0.10000000149011612,0.06196457892656326,9.0,0,985
0.9355813264846802,10.0,0.0,2.9000000953674316,0.10000000149011612,0.03417753800749779,9.0,0,986
0.9355159997940063,10.0,0.0,3.0,0.10000000149011612,0.03547713905572891,9.0,0,987
0.9354506731033325,10.0,0.0,3.0999999046325684,0.10000000149011612,0.0018377873348072171,9.0,0,988
0.9353853464126587,10.0,0.0,3.200000047683716,0.10000000149011612,0.0014918296365067363,9.0,0,989
0.9353200197219849,10.0,0.0,3.299999952316284,0.10000000149011612,0.03686463460326195,9.0,0,990
0.935254693031311,10.0,0.0,3.4000000953674316,0.10000000149011612,0.0026634419336915016,9.0,0,991
0.9351893067359924,10.0,0.0,3.5,0.10000000149011612,0.0311037115752697,9.0,0,992
0.9351239800453186,10.0,0.0,3.5999999046325684,0.10000000149011612,0.0018754275515675545,9.0,0,993
0.9350586533546448,10.0,0.0,3.700000047683716,0.10000000149011612,0.00324000371620059,9.0,0,994
0.934993326663971,10.0,0.0,3.799999952316284,0.10000000149011612,0.06261110305786133,9.0,0,995
0.9349279999732971,10.0,0.0,3.9000000953674316,0.10000000149011612,0.0020846391562372446,9.0,0,996
0.9348626732826233,10.0,0.0,4.0,0.10000000149011612,0.004149953369051218,9.0,0,997
0.9347973465919495,10.0,0.0,4.099999904632568,0.10000000149011612,0.058884572237730026,9.0,0,998
0.9347320199012756,10.0,0.0,4.199999809265137,0.10000000149011612,0.002620615065097809,9.0,0,999
